year,province,GDP,GDP_growth,income_urban,fiscal_revenue,CPI,second_portion,tertiary_portion,tertiary_growth,pop,pop_growth,city_pop_density,urban_unemploy,urban_pop_port,educ_exp_per,resid_exp_per,health_emp,health_emp_per,books,books_per,cultland,college_stu,college_stu_per,urban_area,SO2,COD,waste_water,water_per,forest_coverage,reserve_num,industry_fume,urban_green_area,urban_green_rate,fume_manage_facility,pollut_mana_inv,pollut_mana_inv_port
2015,Anhui,23831.2,5.823789837,26935.76,2454.3,1.62,49.75,39.09,14.8743251,6011,6.98,2458,3.14,50.97,1622.28,3809.01,377387,0.006278273,1942.36,0.323134254,5872.87,118.34,0.01968724,1926.36,48.01,87.11,280626.24,1495.28,28.7,105,30794,1123.03,0.582980336,9646,439.7,2
2014,Anhui,22519.7,9.403905946,24838.52,2218.44,2.41,53.13,35.39,13.02003082,5997,6.97,2416,3.21,49.31,1650.87,3542.43,365662,0.006097415,1753.37,0.292374521,5872.13,113.08,0.018856095,1835.15,49.3,88.56,272313.12,1285.36,28.7,104,29232.6,1075.4,0.586001144,7993,428.7,2.06
2013,Anhui,20584,12.22514816,15154.3,2075.07,2.26,54.6,33,15.57835821,5988,6.82,2359,3.41,47.87,1904.15,1663.55,353799,0.005908467,1776.49,0.296675017,5883.1,110.22,0.018406814,1777.26,50.13,90.27,266234.19,974.52,27.5,104,28335.4,1014.49,0.570816875,6100,506,2.66
2012,Anhui,18341.7,12.63010519,21024.21,1792.72,5.56,54.64,32.7,13.60673111,5978,6.86,2401,3.68,46.3,1932.74,1396.97,334842,0.005601238,2264.41,0.378790565,5881.29,102.3,0.017112747,1696,51.96,92.43,254328.89,1172.6,27.5,104,29645,959.52,0.565754717,5848,330.2,1.92
2011,Anhui,16284.9,22.90676086,18606.13,1463.56,5.56,54.3,32.5,18.55250133,5972,6.32,2265,3.74,44.8,1631.28,1501.39,315382,0.005281011,1375.42,0.230311453,5886.51,99.1,0.016594106,1597.7,52.95,95.33,243265.24,1009.8,27.5,102,30410.8,940.63,0.588740064,4755,267.5,1.75
2010,Anhui,13249.8,21.95274605,15788.17,1149.4,3.14,52.1,33.9,15.11592234,5956.7,6.75,2469,3.66,43.01,1479.75,1229.64,309318,0.005192775,1235.8,0.207463864,5894.88,93.9,0.015763762,1491.3,53.21,41.1,184700,1526.9,27.5,98,17849,852.81,0.571856769,4933,179.9,1.46
2009,Anhui,10864.7,14.15257888,14085.74,863.92,-0.91,48.7,36.4,13.79766091,6131,6.47,2114,3.92,42.1,1225.36,1219.83,305499,0.004982858,1136.22,0.185323764,4171.22,87.78,0.014317403,1377.67,53.84,42.4,179701.21,1195.34,27.5,102,15273,802.51,0.582512503,4733,139.2,1.38
2008,Anhui,9517.7,19.84612673,12990.35,724.62,6.17,46.6,37.4,16.11698277,6135,6.45,2043,3.92,40.5,1160.14,988.12,227438,0.003707221,1073.4,0.174963325,5730.19,80.83,0.013175224,1310.88,55.6,43.3,168670,1141.43,26.1,102,15749,780.22,0.595187965,4669,139,1.57
2007,Anhui,7941.6,22.17282279,11473.58,543.7,5.27,44.7,39,21.76933112,6118,6.35,2114,4.06,38.7,1169.99,850.24,214121,0.003499853,986.5,0.161245505,5728.15,73.05,0.011940177,1201.64,57.17,45.1,175327.09,1165.29,26.1,103,13254,770.58,0.641273593,4386,82.4,1.12
2006,Anhui,6500.3,14.52456879,9771.05,428.03,1.22,43.1,40.2,12.90207006,6110,6.3,2030.36,4.3,38.7,869.23,694.17,204498,0.003346939,889.5,0.145581015,5971.7,66.37,0.01086252,1135.85,58.4,45.6,164449,949.3,26.1,35,8677,694.59,0.611515605,3566,52,0.84
2015,Beijing,24779.1,8.082962575,52859.17,4723.86,1.62,19.6,79.65,10.28150039,2188,3.01,1541,1.39,86.71,3899.82,10463.41,289204,0.013217733,5943,2.716179159,219.33,59.34,0.027120658,1401.01,7.12,16.15,151733.34,124.01,43.8,20,3676,868.09,0.619617276,3996,412.5,1.79
2014,Beijing,22926,8.476148117,48531.85,4027.16,3.3,21.31,77.95,9.088150418,2171,4.83,1525,1.31,86.5,3610.94,10308.36,274036,0.01262257,5601,2.579917089,219.95,59.46,0.0273883,1385.58,7.89,16.88,150713.57,95.15,43.8,20,3569.2,701.11,0.506004706,4311,624.4,2.93
2013,Beijing,21134.6,11.09031943,44563.93,3661.11,3.26,22.3,76.85,11.89190629,2125,4.41,1498,1.21,86.39,3984.86,2125.99,263146,0.012383341,2071.98,0.975049412,221.16,58.92,0.027727059,1306.45,8.7,17.85,144579.93,118.59,35.8,20,3692.2,701.11,0.536652761,3316,433.5,2.22
2012,Beijing,19024.7,10.68079214,36468.75,3314.93,5.64,22.7,76.46,11.33570529,2078,4.74,1464,1.27,86.29,3695.98,1970.94,253164,0.012183061,2083.25,1.002526468,220.86,58.2,0.0280077,1261.11,9.38,18.65,140273.72,193.24,35.8,20,3263.7,682.04,0.540825146,3004,342.6,1.92
2011,Beijing,17188.8,14.86768244,32903.03,3006.28,5.64,23.1,76.1,16.22057012,2024,4.02,1428,1.39,86.2,3306.82,1923.71,235652,0.011642885,1911.69,0.94451087,221.96,57.9,0.028606719,1231.3,9.79,19.32,145468.95,134.71,35.8,20,4896.5,661.71,0.537407618,2962,213.1,1.31
2010,Beijing,14964,15.99190754,29072.93,2353.93,2.4,24,75.1,15.52992227,1961.9,3.07,1383,1.37,85.96,2901.93,1577.35,223586,0.011396401,1715.45,0.874381977,223.78,58.71,0.029925073,1371.45,11.51,9.2,136415,124.19,35.8,20,4750,653.48,0.476488388,2468,231.4,1.64
2009,Beijing,12900.9,9.20842116,26738.48,2026.81,-1.54,23.5,75.5,9.510523046,1860,3.5,1224,1.44,85,2654.98,1290.22,211714,0.011382473,1588.78,0.854182796,231.69,58.67,0.031543011,1349.83,11.88,9.9,140812.88,126.61,35.8,20,4408,643.73,0.476897091,2603,208.7,1.72
2008,Beijing,11813.1,13.3096734,24724.89,1837.32,5.06,25.7,73.2,15.95263371,1771,3.42,1181,1.82,84.9,2383.52,1286.32,194307,0.010971598,1403.1,0.792264257,231.69,58.56,0.033066064,1310.94,12.3,10.1,113259,205.53,31.7,20,4316,487.07,0.371542557,2547,152.9,1.46
2007,Beijing,10425.5,24.30547276,21988.71,1492.64,2.41,26.8,72.1,27.05814346,1676,3.4,1132,1.84,84.5,2383.96,1246.19,183050,0.010921838,3940,2.350835322,232.19,56.79,0.033884248,1289.32,15.17,10.6,107816.69,148.16,31.7,20,5146,466.35,0.361702293,2520,185.3,1.98
2006,Beijing,8387,17.30398053,19977.52,1117.15,0.89,27.8,70.9,20.79720687,1601,1.29,1093.76,2,84.5,2514.76,1212.89,166276,0.010385759,3776,2.358525921,343.9,56.58,0.035340412,1254.23,17.6,11,104922,141.52,31.7,19,4641,556.25,0.443499199,2376,165.5,2.1
2015,Fujian,26819.5,7.527032608,33275.34,2544.24,2.02,50.29,41.56,12.39467,3984,7.8,2704,3.66,63.22,2513.56,5694.37,281330,0.007061496,2821.13,0.70811496,1336.29,75.91,0.019053715,1413.54,33.79,60.94,256868.17,3468.67,66.8,92,17204,720.93,0.510017403,9016,229.7,0.88
2014,Fujian,24942.1,10.83505897,30722.39,2362.21,2.47,52.03,39.6,10.81177679,3945,7.5,2627,3.47,61.99,2170.03,5434.7,273602,0.006935412,2660.2,0.674321926,1336.39,76.65,0.019429658,1326.42,35.6,62.98,260579.22,3217.99,66.8,90,18383.3,679.84,0.512537507,8579,193.4,0.8
2013,Fujian,22503.8,11.45626452,21217.9,2119.45,2.43,52,39.1,11.43027829,3885,6.19,2570,3.55,60.8,2448.36,2013.53,261784,0.006738327,2466.74,0.634939511,1338.74,74.75,0.019240669,1263.18,36.1,63.9,259097.86,3062.75,66,90,16183.2,651.59,0.515833056,8112,282.9,1.3
2012,Fujian,20190.7,12.68577998,28055.24,1776.17,5.26,51.71,39.27,13.02292868,3841,7.01,2388,3.63,59.32,2104.83,1753.86,236756,0.006163916,2894.02,0.753454829,1338.4,70.14,0.01826087,1203.1,37.13,66,256262.77,4047.8,66,93,14739.3,620.54,0.515784224,7780,222.5,1.13
2011,Fujian,17917.7,19.4314281,24907.4,1501.51,5.26,51.6,39.2,17.94471912,3784,6.21,2306,3.69,58.11,1879.02,1661.84,217586,0.005750159,2042.61,0.539801797,1337.91,67.48,0.017832981,1130,38.92,67.94,316177.53,2090.5,66,92,14972.9,579.84,0.513132743,7592,198.4,1.13
2010,Fujian,15002.5,20.81155732,21781.31,1151.49,3.22,51,39.7,16.3545809,3693,6.11,2290,3.77,57.1,1786,1606.27,199519,0.005402627,1681.66,0.455364203,1338.33,64.78,0.017541294,1059,40.91,37.3,238502,4491.7,66,92,13507,559.14,0.527988669,6470,129.7,0.88
2009,Fujian,12418.1,13.59611409,19576.83,932.43,-1.81,49.1,41.3,16.44300582,3666,6.2,2193,3.9,55.1,1504.96,1394.91,184866,0.005042717,1542.35,0.420717403,1341.78,60.63,0.016538462,918.64,41.97,37.6,246012.63,2214.94,66,92,10497,505.9,0.550705391,6931,87.2,0.71
2008,Fujian,10931.8,17.22355666,17961.45,833.4,4.55,50,39.3,15.47266781,3639,6.3,2055,3.86,53,1453.18,1300.1,124213,0.003413383,1457.9,0.400632042,1330.1,56.26,0.015460291,877.35,42.9,37.8,236269,2886.29,63.1,92,9150,622.02,0.708975893,6833,83.1,0.77
2007,Fujian,9325.6,24.86409769,15506.05,699.46,5.23,49.2,40,27.98910335,3612,6,2055,3.89,51.4,1426.34,1261.18,113467,0.00314139,1642.6,0.454761905,1333.08,50.95,0.014105759,819.35,44.57,38.3,226997.87,3005.74,63.1,92,9153,524.76,0.6404589,6726,78,0.84
2006,Fujian,7468.6,16.41493259,13753.28,541.17,0.8,49.1,39.1,19.11753067,3585,6.25,2057.41,3.9,51.4,1321.33,1233.49,124909,0.003484212,1456.8,0.406359833,1434.7,46.13,0.012867503,780.06,46.9,39.5,213401,4577.7,63.1,93,6884,501.19,0.642501859,5704,59.8,0.79
2015,Gansu,6556.6,0.586033382,23767.08,743.86,2.13,36.74,49.21,10.61545642,2523,6.21,4049,2.14,44.24,1803.78,3845.74,181445,0.007191637,1339.57,0.530943321,5374.86,50.45,0.019996036,834.39,57.06,36.57,67071.51,635.03,11.3,60,13293,277.08,0.332074929,4669,122.6,1.8
2014,Gansu,6518.4,8.378086291,21803.86,672.67,3.16,42.8,44.02,11.81777513,2531,6.1,3682,2.19,42.28,1644.34,3537.67,178968,0.007071039,1306.64,0.516254445,5377.87,48.07,0.018992493,779.28,57.56,37.32,65973.23,766.99,11.3,60,12290.3,264.04,0.338825583,3937,143.5,2.1
2013,Gansu,6014.5,11.52213013,10954.4,607.27,2.69,45,41,16.17653428,2537,6.08,3916,2.3,40.5,1547.65,1596,160695,0.006334056,1226.22,0.483334647,5378.83,45.49,0.017930627,726.66,56.2,37.91,64969.46,1042.33,11.3,60,12676.7,259.12,0.356590427,3424,176.2,2.81
2012,Gansu,5393.1,11.96205028,17156.89,520.4,5.87,46.02,40.17,15.28935936,2550,6.06,4369,2.68,38.78,1388.21,1287.93,151899,0.005956824,1212.49,0.475486275,5383.47,43.11,0.016905882,681.6,57.25,38.93,62813.02,1038.4,11.3,59,13899.7,230.69,0.338453638,3237,121.4,2.15
2011,Gansu,4816.9,22.14164363,14988.68,450.12,5.87,47.4,39.1,28.3124039,2552,6.05,3824,3.11,37.25,1158.3,1139.85,145699,0.005709208,1159.62,0.454396552,5388.01,40.53,0.015881661,655.6,62.39,39.66,59231.69,945.4,11.3,59,12891.9,209.27,0.319203783,3288,59.6,1.19
2010,Gansu,3943.7,20.66517762,13188.55,353.58,4.1,48.2,37.3,13.38079326,2559.98,6.03,3793,3.21,36.12,1136.7,910.34,137501,0.005371175,1041.82,0.406964117,5396.52,38.15,0.01490246,632.8,55.18,16.8,51241,841.7,11.3,59,6252,198.98,0.314443742,2769,63.9,1.55
2009,Gansu,3268.3,6.400364619,11929.78,286.59,1.25,45.1,40.2,10.08396641,2554.91,6.61,3814,3.25,34.89,1025.47,801.21,126388,0.004946867,950.98,0.372216634,3485.19,36.15,0.014149226,604.44,50.03,16.8,49270.16,794.32,11.3,58,6314,192.88,0.319105288,2716,44.4,1.31
2008,Gansu,3071.7,14.825614,10969.41,264.96,8.21,46.3,39.1,18.5195716,2550.88,6.54,3802,3.23,33.56,936.33,846.26,104179,0.004084042,928.8,0.364109641,4658.77,33.19,0.013011196,581.28,50.2,17.1,47470,714.97,10.4,57,5685,184.96,0.31819433,2734,31.2,0.98
2007,Gansu,2675.1,21.42986836,10012.34,190.91,5.53,47.3,38.4,17.15522985,2548.19,6.49,3807,3.34,32.25,1058.66,768.28,101796,0.003994836,890,0.349267519,4659.75,29.6,0.011616088,553.09,52.32,17.4,44335.27,875.86,10.4,57,5818,167.66,0.303133306,2654,38.1,1.41
2006,Gansu,2203,18.14866459,8920.59,141.22,1.28,45.8,39.5,14.27483822,2546.79,6.24,3890.57,3.6,32.25,1034.42,716.35,99431,0.00390417,872,0.342391795,5024.7,26.37,0.010354211,523.82,54.6,17.8,42254,709.95,10.4,57,4761,179.72,0.343094956,2682,27.8,1.22
2015,Guangdong,74732.4,9.62169774,34757.16,9366.78,2.31,44.79,50.61,13.32640646,11678,6.8,3060,2.45,69.51,2736.65,5530.84,768482,0.006580596,7007.74,0.600080493,2615.85,181.38,0.015531769,5633.19,67.83,160.69,911522.63,1792.43,53.5,384,30547,5034.11,0.893651732,25673,292.6,0.4
2014,Guangdong,68173,9.070866545,32148.11,8065.08,2.46,46.34,48.99,9.642055211,11489,6.1,2999,2.44,68.62,2468.38,5291.47,732573,0.006376299,6366.81,0.554165724,2623.31,180.14,0.015679345,5398.07,73.01,167.06,905082.06,1608.43,53.5,390,29793.8,4862.41,0.900768238,22311,303.1,0.45
2013,Guangdong,62503.4,9.640276664,23420.7,7081.47,2.81,47.3,47.8,12.36980664,11270,6.02,3066,2.43,68.09,3222.4,2339.12,708036,0.006282484,6100.67,0.541319432,2621.83,171.88,0.015251109,5232.11,76.19,173.39,862471.08,2131.24,51.3,392,28433.7,4742.12,0.906349446,19392,351.9,0.57
2012,Guangdong,57007.7,7.41415565,30226.71,6229.18,5.32,48.54,46.47,10.64022826,11041,6.95,2927,2.48,67.15,2954.13,2099.75,662462,0.006000018,6567.24,0.594804818,2614.44,161.68,0.014643601,5026.4,79.92,180.29,838550.53,1921,51.3,368,27078.2,4654.08,0.925927105,18667,260.2,0.46
2011,Guangdong,53072.8,15.51477214,26897.48,5514.84,5.32,49.7,45.3,16.95298546,10756,6.1,2637,2.46,66.57,2647.94,2005.15,626571,0.005825316,5889.74,0.547577166,2601.32,152.73,0.014199517,4829.3,84.77,188.45,785586.5,1404.8,51.3,368,31464.9,4718.44,0.977044292,17211,332.6,0.62
2010,Guangdong,45944.6,16.41948374,23897.8,4517.04,3.12,50,45,15.20327452,10440.94,6.97,2428,2.52,66.18,2375.96,1925.21,592800,0.00567765,4615.5,0.442057899,2569.36,142.66,0.013663521,4618.1,105.05,85.8,722978,1943.3,51.3,367,24092,4889.8,1.058833719,12789,1416.2,3.08
2009,Guangdong,39464.7,7.520937658,21574.72,3649.81,-2.35,49.2,45.7,11.15961633,10130.19,7.26,2402,2.6,63.4,2168.88,1814,555799,0.00548656,4367.37,0.431124194,2841.4,133.41,0.013169546,4434.08,107.05,91.1,687429.19,1682.49,51.3,369,22682,4634.26,1.04514578,13011,240.1,0.61
2008,Guangdong,36704.2,15.63072968,19732.86,3310.32,5.6,51.6,42.9,15.70365522,9893.48,7.25,2370,2.56,63.37,1936.38,1748.16,479817,0.00484983,3994.8,0.403781076,2830.73,121.64,0.012294966,4132.63,113.6,96.4,677352,2323.8,49.4,371,20510,4397.36,1.064058481,13876,164.6,0.46
2007,Guangdong,31742.6,22.26938662,17699.3,2785.8,3.68,51.3,43.3,24.30118937,9659.52,7.3,2686,2.51,63.14,1994.86,1444.91,452061,0.004679953,4977.7,0.515315461,2847.66,111.97,0.011591673,4083.97,120.3,101.7,690887.04,1686.29,49.4,347,16939,4877.04,1.194190947,11966,153.6,0.49
2006,Guangdong,25961.2,18.20425261,16015.58,2179.46,1.79,51.3,42.7,18.80423592,9442.07,7.29,2673.6,2.6,63.14,1813.86,1254.69,408972,0.004331381,4703.4,0.498132295,3272.2,100.86,0.01068198,3705.71,126.7,104.9,618921,2396.12,49.4,299,13584,4093.23,1.104573752,9386,160.4,0.61
2015,Guangxi,14797.8,8.905047175,26415.87,1515.16,2.1,45.93,38.8,13.47863588,4811,7.9,1823,2.92,47.99,2146.86,3674.93,374817,0.007790834,2606.27,0.541731449,4402.27,87.35,0.018156308,1275.16,42.12,71.12,220066.33,5096.54,60.2,78,16773,896.62,0.703143135,6743,261.2,1.55
2014,Guangxi,13587.8,9.152983516,24669,1422.28,2.21,46.74,37.86,10.65266867,4770,7.86,1684,3.15,46.54,1688.92,3389.69,357622,0.007497317,2481.52,0.520234801,4410.33,78.56,0.016469602,1192.82,46.66,74.4,219304.06,4203.31,60.2,77,18631.3,794.21,0.665825523,6359,200.4,1.28
2013,Guangxi,12448.4,10.12774691,14082.3,1317.6,3.23,47.7,36,16.56575597,4731,7.93,1543,3.3,45.11,2083.99,1662.5,334849,0.007077764,2109.84,0.445960685,4419.45,82.72,0.017484676,1153.64,47.2,75.94,225302.67,4376.83,56.5,78,21369.4,756.74,0.655958531,6301,217.8,1.52
2012,Guangxi,11303.6,9.744754803,21242.8,1166.06,5.9,47.93,35.41,15.34437233,4694,7.89,1528,3.41,43.48,1626.05,1377.26,303759,0.006471219,2126.7,0.453067746,4414.24,62.92,0.013404346,1083.6,50.41,78.03,245577.8,4476,56.5,78,27610.7,727.85,0.671696198,6418,190.5,1.46
2011,Guangxi,10299.9,20.43286095,18854.06,947.72,5.9,48.4,34.1,17.53973779,4655,7.67,1569,3.46,41.9,1502.65,1237.91,283543,0.006091149,1996.51,0.428895811,4421.53,60.01,0.012891515,1014.4,52.1,79.33,222438.92,2917.4,56.5,78,29852.6,696.97,0.687076104,6028,161.5,1.38
2010,Guangxi,8552.4,20.23787766,17063.89,771.99,2.98,47.1,35.4,15.99878874,4610,8.65,1498,3.66,40,1243.71,1166.85,266138,0.005773059,1880.88,0.408,4424.69,56.75,0.012310195,940.5,90.38,93.7,312630,3852.9,56.5,78,14520,656.92,0.698479532,6017,164.1,1.71
2009,Guangxi,7112.9,10.18527125,15451.48,620.99,-2.14,43.6,37.6,15.77204737,4856,8.53,1391,3.74,39.2,1111.13,1021.11,245611,0.005057887,1759.71,0.362378501,4430.53,52.83,0.010879325,880.57,89.05,97.6,305507.09,3069.3,56.5,78,13184,626.04,0.71094859,6006,132.3,1.7
2008,Guangxi,6455.4,17.91115657,14146.04,518.42,7.78,42.4,37.4,17.4436159,4816,8.7,1461,3.75,38.16,1081.54,891.33,190152,0.003948339,1695.2,0.351993355,4217.52,48.42,0.010053987,840.57,92.5,101.3,345355,4763.15,52.7,76,11643,625.6,0.744256873,5687,93,1.3
2007,Guangxi,5474.8,23.92593599,12200.44,418.83,6.09,40.7,38.4,22.19923971,4768,8.2,1464,3.79,36.24,1050.04,803.04,178396,0.003741527,1570.1,0.329299497,4214.7,43.43,0.009108641,813.89,97.38,106.3,319808.27,2922.44,52.7,73,12724,606.23,0.744854956,5360,65.5,1.1
2006,Guangxi,4417.8,18.05670613,9898.75,342.58,1.34,38.9,39.7,18.22087106,4719,8.34,1617.93,4.2,36.24,850.9,826.86,162725,0.003448294,1591,0.337147701,4407.9,38.74,0.008209366,738.32,99.4,111.9,250584,4011.25,52.7,72,8969,593.32,0.803608192,4887,41.2,0.85
2015,Guizhou,10541,14.91207989,24579.64,1503.38,2.43,39.49,44.89,13.0647669,3708,5.8,2396,3.29,42.96,2625.6,3425.46,259144,0.006988781,1220.58,0.329174757,4537.41,46.51,0.01254315,789.06,85.3,31.83,112803.12,3278.7,43.8,124,18288,406.98,0.515778268,5160,137.5,1.31
2014,Guizhou,9173.1,15.05060767,22548.21,1366.67,2.54,41.63,44.55,13.32211324,3677,5.8,2393,3.27,40.24,2071.32,2942.5,237518,0.006459559,1217.32,0.331063367,4540.13,44.43,0.01208322,723.76,92.58,32.67,110912.12,3461.12,43.8,124,23207.9,410.85,0.56766055,4192,170.4,1.84
2013,Guizhou,7973.1,18.25665213,11083.1,1206.41,2.71,40.5,46.6,20.23207285,3632,5.9,3406,3.26,37.89,1950.28,1496.49,221575,0.006100633,1156.13,0.318317731,4548.14,40.46,0.011139868,695.4,98.64,32.82,93084.53,2174.15,37.1,123,24466.5,402.86,0.579321254,3464,109.7,1.37
2012,Guizhou,6742.2,20.06197023,18700.51,1014.05,5.15,39.08,47.91,19.0320274,3587,6.31,3324,3.29,36.3,1396,1013.53,191079,0.005326986,1387.37,0.386777251,4552.19,38.38,0.010699749,586.1,104.11,33.3,91455.12,2801.8,37.1,129,14311.6,388.73,0.663248592,3413,68.9,1.01
2011,Guizhou,5615.6,24.26643063,16495.01,773.08,5.15,38.5,48.8,26.80028633,3530,6.38,3502,3.63,35.03,1331.43,1102.99,169098,0.004790312,1194.27,0.338320113,4560.73,34.41,0.009747875,508.3,110.43,34.22,77927.2,1797.3,37.1,129,10820.4,353.22,0.694904584,3079,64.9,1.14
2010,Guizhou,4519,17.17271242,14142.74,533.73,2.92,39.1,47.3,19.70181652,3479,7.41,3266,3.64,33.81,1254.56,890.75,154246,0.00443363,812.06,0.233417649,4566.21,32.33,0.0092929,464,114.88,20.8,60823,2726.8,37.1,129,10192,341.9,0.736853448,2910,30,0.65
2009,Guizhou,3856.7,10.0499358,12862.53,416.48,-1.28,37.7,48.2,13.36614428,3537,6.96,3217,3.81,29.89,1146.35,747.57,143868,0.004067515,800.34,0.226276506,1757.82,29.91,0.008456319,460.31,117.55,21.6,59159.17,2397.65,37.1,129,7786,337.39,0.732962569,2441,21.2,0.54
2008,Guizhou,3504.5,23.07287094,11758.76,347.84,7.59,42.3,41.3,25.57534358,3595.98,6.72,3172,3.98,29.11,934.73,836.54,106038,0.002948793,731.4,0.20339379,4485.3,26.75,0.007438862,407.42,123.6,22.2,55866,3019.72,31.6,129,6842,334.46,0.820921899,2708,23.2,0.7
2007,Guizhou,2847.5,25.7674131,10678.4,285.14,6.41,41.9,41.8,30.26483051,3631.98,6.68,3094,3.97,28.24,1035.96,718.65,101094,0.00278344,695.6,0.191520878,4487.46,24.17,0.006654772,395.8,137.51,22.7,55112.42,2805.22,31.6,129,10356,332.55,0.840197069,2651,22.4,0.82
2006,Guizhou,2264.1,16.71220166,9116.61,226.82,1.71,43,39.8,21.0877373,3690,7.26,3044.64,4.1,28.24,938.37,627.23,95654,0.002592249,770.8,0.208888889,4903.5,22.15,0.00600271,404.65,146.5,22.9,51460,2176.13,31.6,128,8344,317.98,0.785814902,2559,19.8,0.86
2015,Hainan,3734.2,8.269063497,26356.42,627.7,2.35,23.65,53.26,10.20608976,945,8.57,2045,2.29,54.91,2516.73,3755.45,71288,0.007543704,423.62,0.448275132,725.88,19.69,0.020835979,337.81,3.23,18.79,39123.49,2184.86,57.4,49,2339,169.68,0.502294189,1032,22.2,0.6
2014,Hainan,3449,10.69033024,24486.53,555.31,2.77,25.02,51.85,11.44754478,936,8.61,2069,2.26,53.3,1912.79,3697.84,66556,0.007110684,411.87,0.440032051,725.72,22.63,0.02417735,303.06,3.26,19.6,39351.07,4265.96,57.4,49,2638.2,166.23,0.548505246,1058,21.1,0.6
2013,Hainan,3115.9,11.70502617,22411.43,481.01,3.21,27.7,48.3,20.84222926,920,8.69,1946,2.17,52.28,1923.48,1578.65,63468,0.006898696,377.13,0.409923913,726.72,18.8,0.020434783,296.03,3.24,19.44,36156.05,5636.8,55.4,50,4721.1,165.49,0.559031179,823,26.6,0.85
2012,Hainan,2789.4,13.21535839,20917.71,409.44,6.07,28.17,46.91,17.51016524,910,8.85,2079,2.01,51.02,1319.54,1521.04,59285,0.006514835,897.93,0.986736264,726.68,19.46,0.021384615,265.6,3.41,19.74,37103.42,4130.8,55.4,50,1960.3,524.7,1.975527108,555,44.7,1.57
2011,Hainan,2463.8,21.94011383,18368.95,340.12,6.07,28.3,45.5,19.15266467,890,8.97,2639,1.73,50.34,1141.81,1342.29,56893,0.006392472,516.02,0.579797753,726.59,18.06,0.020292135,238,3.26,19.99,35725.15,5545.6,55.4,50,1675.5,514.74,2.162773109,502,28,1.11
2010,Hainan,2020.5,24.69912979,15581.05,270.99,4.84,27.7,46.2,31.13003514,868.55,8.98,2739,3,49.8,1004.62,1103.76,51985,0.005985263,285.01,0.328144609,729.91,15.08,0.01736227,221.3,2.88,9.2,36689,5538.7,55.4,50,1360,505.64,2.284862178,472,23.6,1.14
2009,Hainan,1620.3,9.873194548,13750.85,178.24,-0.68,26.8,45.3,15.86530932,864.07,8.96,2568,3.48,49.13,961.95,1000.32,49898,0.005774764,340.74,0.394343051,435.54,14.21,0.016445427,214.8,2.2,10,37517.74,5596.16,55.4,54,1353,507.85,2.364292365,397,19.7,1.19
2008,Hainan,1474.7,19.50567261,12607.84,144.86,6.93,29.8,40.2,20.83648751,854.18,8.99,2731,3.72,48,930.87,1106.39,42682,0.004996839,257.2,0.301107495,727.51,12.64,0.014797818,204.8,2.2,10.1,36188,4933.49,52,68,1345,506.27,2.472021484,401,12.7,0.87
2007,Hainan,1234,20.0973236,10996.87,108.29,5.04,29.8,40.7,24.30016467,845.03,8.91,2525,3.49,47.2,837.83,819.02,40941,0.004844917,54.3,0.064258074,727.5,10.83,0.012816113,203.9,2.56,10.1,35158.63,3373.31,52,68,1115,500.46,2.45443845,354,14.9,1.22
2006,Hainan,1027.5,16.11481523,9395.13,81.81,1.53,27.4,39.9,16.40197152,835.88,8.86,3230.29,3.6,47.2,791.24,743.6,38199,0.004569914,52.2,0.062449155,762.1,9.01,0.010779059,196.52,2.4,9.9,34962,2735.44,52,69,860,86.01,0.437665378,332,8.3,0.79
2015,Hebei,26398.4,4.718571616,26152.16,2649.18,1.72,48.27,40.19,11.46082727,7345,5.56,2646,3.6,51.67,1938.72,3759.71,533286,0.007260531,2199.82,0.299498979,6525.47,131.48,0.017900613,1944.42,110.84,120.81,310567.56,182.46,26.8,44,78570,907.24,0.466586437,22095,397.5,1.33
2014,Hebei,25208.9,3.913090076,24141.34,2446.62,2.96,51.03,37.25,6.318352399,7323,6.95,2540,3.59,49.36,1591.89,3735.84,512877,0.007003646,2104.78,0.287420456,6535.47,120.76,0.016490509,1833.17,118.99,126.85,309823.96,144.27,26.8,44,72732.3,901.36,0.491694715,19519,455.5,1.55
2013,Hebei,24259.6,5.122305276,15189.6,2295.62,2.6,52.2,35.5,7.523962007,7288,6.17,2483,3.68,48.02,1550.63,1526.28,492012,0.006750988,1937.4,0.265834248,6551.19,128.57,0.017641328,1787.24,128.47,130.99,310920.54,240.57,23.4,44,79121.3,867.31,0.485278978,18172,490,1.73
2012,Hebei,23077.5,7.915939901,20543.44,2084.28,5.7,52.69,35.31,9.961457937,7262,6.47,2411,3.69,46.6,1203.8,1502.41,463283,0.006379551,1934.53,0.266390801,6558.33,116.9,0.016097494,1738.9,134.12,134.91,305773.5,324.2,23.4,43,67647.4,837.75,0.481770085,16924,486.1,1.83
2011,Hebei,21384.7,18.78013286,18292.23,1737.77,5.7,53.5,34.6,19.07082153,7232,6.5,2362,3.75,45.59,1203.99,1372.25,449108,0.006210011,1738.63,0.240407909,6564.98,114.9,0.015887721,1684.6,141.21,138.88,278551.26,217.7,23.4,35,77184.9,831.36,0.493505877,16602,623.9,2.54
2010,Hebei,18003.6,17.61754503,16263.43,1331.85,3.07,52.5,34.9,17.26211238,7193.6,6.81,2354,3.86,44.5,1001.01,1344.47,437415,0.006080613,1610.92,0.223937945,6551.42,110.51,0.015362266,1619.7,123.38,54.6,262543,195.3,23.4,35,56324,818.19,0.505149102,13743,370.9,1.82
2009,Hebei,15306.9,7.794311308,14718.25,1067.12,-0.68,52,35.2,14.42282109,7034.4,6.5,2344,3.93,43.74,982.21,1142.83,407351,0.005790842,1549.2,0.220232003,5901.44,106.04,0.015074491,1577.52,125.35,57,244988.51,201.32,23.4,33,50779,749.06,0.474833917,11845,248.6,1.44
2008,Hebei,14200.1,16.84536201,13441.09,947.59,6.2,54.2,33.2,15.22862649,6988.82,6.55,2375,3.96,41.9,946.38,1097.41,303232,0.004338815,1450.5,0.207545766,6317.3,100,0.014308567,1528.33,134.5,60.5,234697,231.12,22.3,34,37558,710.38,0.464807993,12998,208.3,1.29
2007,Hebei,12152.9,21.00866275,11690.47,789.12,4.68,52.8,34,18.01617864,6943.19,6.55,2376,3.83,40.25,895.06,917.19,298945,0.004305586,1443.3,0.20787275,6315.14,93.05,0.013401621,1474,149.25,66.7,222914.35,173.09,22.3,34,48036,653.82,0.443568521,12492,170.2,1.24
2006,Hebei,10043,14.47101466,10304.56,620.53,1.69,52.4,33.8,17.10247564,6897.86,6.23,2443.83,3.8,40.25,827.72,864.92,279663,0.004054344,1361.3,0.197351063,6883.3,86.26,0.012505328,1416.97,154.5,68.8,213672,156.14,22.3,35,39254,614.72,0.43382711,12961,132.2,1.13
2015,Henan,37084.1,7.257598019,25575.61,3016.05,1.89,48.42,40.2,12.4474786,9701,5.65,5155,2.96,47.02,2107.75,3260.49,771088,0.007948541,2472.3,0.254850015,8105.93,181.02,0.018659932,2503.08,114.43,128.72,433486.68,303.66,24.1,33,36286,1027,0.410294517,12821,295.8,0.8
2014,Henan,34574.8,9.301509523,23672.06,2739.26,2.88,50.99,37.1,13.861252,9645,5.78,5149,2.97,45.05,1721.92,3136.02,745144,0.007725702,2312.33,0.239743909,8117.91,177.35,0.018387766,2374.67,119.82,131.87,422832.29,300.67,24.1,33,39628.7,988.62,0.416318899,11736,295.1,0.84
2013,Henan,31632.5,9.221080109,14203.7,2415.45,2.54,55.4,32,14.19137127,9573,5.51,4982,3.09,43.6,1911.16,1315.28,716306,0.007482566,2218.19,0.231713152,8140.7,167.59,0.017506529,2289.08,125.4,135.42,412581.82,226.44,21.5,34,37665.3,927.32,0.405105981,10524,288.1,0.9
2012,Henan,28961.9,10.04304924,20442.62,2040.33,5.63,56.33,30.94,15.5837189,9532,5.16,4964,3.08,41.99,1525.33,1190.81,652564,0.006846034,2257.22,0.236804448,8156.76,155.9,0.016355434,2219.1,127.59,139.36,403667.62,282.6,21.5,34,35001.9,882.32,0.397602632,10184,209.5,0.71
2011,Henan,26318.7,16.17170603,18194.8,1721.76,5.63,57.3,29.7,21.66594148,9461,4.94,5124,3.35,40.47,1373.94,1087.08,623494,0.006590149,2121.92,0.224280731,8161.9,150.01,0.015855618,2098.1,137.05,143.67,378784.85,349,21.5,34,40790.9,811.24,0.386654592,9944,163.3,0.61
2010,Henan,22655,18.11167301,15930.26,1381.32,3.53,57.3,28.6,18.79563223,9405.47,4.95,5178,3.38,38.5,1137.16,1080.1,591059,0.006284205,1837.21,0.195334204,8177.45,145.67,0.015487796,2014.4,133.87,62,358679,566.2,21.5,34,22709,781.08,0.387748213,9079,132.2,0.57
2009,Henan,19181,8.147880852,14371.56,1126.06,-0.58,56.5,29.3,13.6614831,9487.05,4.99,4886,3.5,37.7,1048.14,1004.37,572773,0.006037419,1724.46,0.181769886,8192.01,136.88,0.014428089,1913.26,135.5,62.6,333980.16,347.61,21.5,35,22186,732.57,0.382890982,8740,121.3,0.62
2008,Henan,17735.9,19.63911093,13231.11,1008.9,7.03,56.9,28.6,14.33519459,9429,4.97,5967,3.4,36.03,988.95,963.59,396078,0.004200636,1632.6,0.173146675,7926.37,125.02,0.013259094,1857.24,145.2,65.1,309193,395.23,20.2,35,20264,696.7,0.375126532,8225,109.9,0.6
2007,Henan,14824.5,23.76543468,11477.05,862.08,5.42,55.2,30.1,25.63095018,9360,4.94,5902,3.41,34.34,936.55,795.39,384844,0.004111581,1429.4,0.152713675,7926.03,109.52,0.011700855,1775.34,156.39,69.4,296467.29,496.14,20.2,35,18890,627.65,0.353537914,8558,114.4,0.76
2006,Henan,11977.9,16.93171279,9810.26,679.17,1.29,53.8,29.8,18.60065057,9392,5.32,5305.72,3.5,34.34,847.12,737,374924,0.003991951,1442.4,0.153577513,8110.3,97.41,0.010371593,1678.57,162.4,72.1,268888,342.83,20.2,32,16770,569.03,0.338996884,8644,95.1,0.76
2015,Heilongjiang,11690,-3.950438755,24202.62,1165.88,1.48,31.81,50.73,9.625819334,3529,-0.6,5504,4.47,60.47,1903.01,3710.29,285914,0.008101842,1827.26,0.517784075,15854.11,68.28,0.019348257,1772.24,45.63,139.27,148594.83,2129.84,43.8,251,10843,859.63,0.485052815,5177,156.9,1.04
2014,Heilongjiang,12170.8,2.714974133,22609.03,1301.31,2.24,36.87,45.77,12.18680757,3608,0.91,4946,4.47,59.22,1723.19,3503.85,283494,0.007857373,1720.61,0.476887472,15859.99,69.09,0.019149113,1785.08,47.22,142.39,149643.71,2463.08,43.8,250,12091.2,853.12,0.477916956,5077,182.1,1.21
2013,Heilongjiang,11849.1,7.564589045,15903.4,1277.4,3.18,41.1,41.4,8.175951534,3666,0.78,4922,4.44,58.04,1396.38,1543.29,279122,0.007613803,1843.47,0.502855974,15864.11,69.69,0.01900982,1758.38,48.91,144.73,153089.62,3702.13,43.2,226,10622,843.44,0.479668786,4882,298.5,2.08
2012,Heilongjiang,11015.8,10.87871163,17759.75,1163.17,5.83,44.1,40.47,14.24229658,3724,1.27,5054,4.15,56.88,1216.56,1336.85,270687,0.007268716,1823.07,0.489546187,15845.89,70.5,0.018931257,1725.5,51.43,149.88,162589.08,2194.6,43.2,224,10444.6,829.45,0.480701246,5006,218.1,1.59
2011,Heilongjiang,9935,19.57921596,15696.18,997.55,5.83,50.3,36.2,15.77480491,3782,1.07,5146,4.1,56.49,1190.87,1185.96,266066,0.007035061,1770.45,0.468125331,15849.13,71.1,0.018799577,1678.6,52.19,157.65,150661.01,1642,43.2,221,10377,809.57,0.482288812,4725,152.7,1.21
2010,Heilongjiang,8308.3,15.09094183,13856.51,755.58,3.9,50.2,37.2,19.15317559,3833.35,2.32,5239,4.27,55.66,1001.48,1128.14,262600,0.006850405,1643.95,0.428854657,15858.02,71.91,0.018759049,1638,49.02,44.4,118575,2228.6,43.2,202,10111,787.27,0.480628816,4396,131.3,1.27
2009,Heilongjiang,7218.9,1.187238934,12565.98,641.66,0.19,47.3,39.3,13.34337066,3826.01,2.06,4321,4.27,55.5,956.85,1026.77,242973,0.006350558,1571.62,0.41077258,11838,70.89,0.018528441,1566.11,49.04,46.2,110508.16,2586.87,43.2,197,9977,742.33,0.473996079,4313,107.8,1.26
2008,Heilongjiang,7134.2,16.45201835,11581.28,578.28,5.56,52.5,34.4,14.83062294,3825.04,2.23,4486,4.23,55.4,906.19,941.25,203528,0.005320938,1505.6,0.393616799,11830.12,67.81,0.017727919,1524.21,50.6,47.6,110996,1208,42.4,190,7796,680.24,0.446290209,4396,98.8,1.19
2007,Heilongjiang,6126.3,14.94427558,10245.28,440.47,5.39,52.3,34.7,15.68848053,3824.03,2.49,3436,4.26,53.9,938.21,784.51,200346,0.005239133,1471,0.384672714,11838.36,63.49,0.016602903,1525.83,51.54,48.8,108972.59,1286.38,42.4,186,7283,2183.27,1.430873688,4110,58.7,0.83
2006,Heilongjiang,5329.8,12.05533597,9182.31,386.84,1.93,54.4,33.7,12.24217763,3823.01,2.39,3839.99,4.4,53.9,843.94,755.32,191945,0.005020782,1438,0.376143405,11773,59.2,0.015485181,1467.17,51.8,49.8,110201,1904.83,42.4,176,5991,636.93,0.434121472,4112,54.2,0.88
2015,Hubei,30344,7.44243523,27051.47,3005.53,1.96,45.7,43.1,11.70642382,5850,4.91,2430,2.64,57.18,2165.75,3660.25,475747,0.008132427,3002.53,0.513252991,5254.99,151.87,0.025960684,2197,55.14,98.61,313784.76,1740.9,39.6,77,23643,1048.44,0.477214383,8174,246.8,0.84
2014,Hubei,28242.1,11.28575932,24852.28,2566.9,2.82,46.94,41.45,14.88166792,5816,4.9,2448,3.1,55.73,1894.84,3575.1,438164,0.007533769,2821.56,0.485137552,5261.67,147.53,0.025366231,2077.64,58.38,103.31,301703.65,1574.33,39.6,70,21701.8,966.03,0.464965057,7131,316.5,1.16
2013,Hubei,25378,12.33726855,16472.5,2191.22,2.9,49.3,38.1,21.50396531,5798,4.93,2505,3.49,54.51,1922.83,1456.3,411184,0.007091825,2648.27,0.456755778,5281.81,142.95,0.024655053,2006.71,59.94,105.82,294053.96,1364.91,38.4,70,19986.9,946.77,0.471802104,6640,252.7,1.02
2012,Hubei,22590.9,13.28018052,20839.59,1823.05,5.76,50.31,36.89,13.70684174,5781,4.88,2004,3.83,53.23,1651.92,1371.15,386415,0.006684224,2521.19,0.436116589,5289.97,138.61,0.023976821,1889.6,62.24,108.66,290200.42,1411,38.4,65,19512.5,917.13,0.485356689,6136,285.5,1.28
2011,Hubei,19942.5,22.89778085,18373.87,1526.91,5.76,50,36.9,19.75914847,5760,4.38,1969,4.1,51.78,1489.67,1172.11,365175,0.006339844,2410.78,0.418538194,5301.49,134.03,0.023269097,1811.6,66.56,110.47,293063.53,1319.1,38.4,64,22840.8,857.96,0.473592405,7355,259.8,1.32
2010,Hubei,16226.9,23.00467704,16058.37,1011.23,2.91,48.6,37.9,18.31485669,5727.91,4.34,1929,4.18,49.7,1263.16,1187.54,349495,0.006101615,2361.07,0.412204452,5312.28,129.69,0.022641766,1701,63.26,57.2,270755,2216.5,38.4,64,13865,802.94,0.472039976,5478,146.8,0.92
2009,Hubei,13192.1,14.73885627,14367.48,814.87,-0.41,46.6,39.6,15.3567187,5720,3.48,1845,4.21,46,1208.46,999.49,337113,0.005893584,2181.25,0.381337413,3308.35,124.91,0.021837413,1616.42,64.38,57.6,265756.75,1443.94,38.4,63,12523,771.58,0.47733881,5211,150.6,1.16
2008,Hubei,11497.5,21.64864465,13152.86,710.85,6.27,43.8,40.5,18.14286788,5711,2.71,1823,4.2,45.2,1037.24,914.26,284832,0.004987428,2105.7,0.368709508,4664.12,118.49,0.02074768,1564.56,67,58.6,258874,1812.27,31.1,63,11558,743.51,0.47521987,4921,90.1,0.8
2007,Hubei,9451.4,25.48660347,11485.8,590.36,4.84,43,42.1,27.28751395,5699,3.23,1732,4.21,44.3,1120.29,856.97,278205,0.004881646,2037,0.357431128,4663.35,116.37,0.020419372,1298.66,70.76,60.1,246582.56,1782.05,31.1,63,10373,645.61,0.497135509,4367,64.3,0.7
2006,Hubei,7531.8,16.41652627,9802.65,476.08,1.58,44.4,40.6,18.72396819,5693,3.13,1890.22,4.2,44.3,997.74,752.56,265298,0.004660074,1981,0.347971193,4949.5,109.23,0.019186721,1298.07,76,62.6,231454,1121.96,31.1,63,11015,644.42,0.496444722,4578,67.7,0.89
2015,Hunan,28538.6,10.2672586,28838.07,2515.43,1.88,44.32,44.15,15.28124231,6615,6.72,3261,4.09,50.79,2880.33,3795.53,494175,0.007470522,2555.25,0.386281179,4150.19,113.79,0.017201814,1572.52,59.55,120.77,314107.41,2839.14,49.7,128,15320,681.56,0.433418971,7048,537.6,1.86
2014,Hunan,25881.3,9.921767494,26570.16,2262.79,2.54,46.17,42.19,13.3724346,6611,6.63,3402,4.14,48.98,2537.51,3567.63,462694,0.00699885,2422.19,0.366387838,4149.01,111.72,0.016899108,1540.21,62.37,122.9,309960.48,2680.11,49.7,128,16050.5,671.18,0.435771745,6369,213.7,0.79
2013,Hunan,23545.2,11.0245577,16004.9,2030.88,2.01,47,40.3,15.26048183,6600,6.54,3317,4.2,47.63,2080.46,1529.5,442224,0.006700364,2282.2,0.345787879,4149.51,110.29,0.016710606,1504.95,64.13,124.9,307227,2373.56,47.8,128,17276.4,618.79,0.411169806,5711,233.9,0.95
2012,Hunan,21207.2,12.11842453,21318.76,1782.16,5.53,47.42,39.02,14.46908584,6590,6.57,3030,4.23,46.22,1737.64,1301.6,403546,0.006123612,2524.78,0.383122914,4146.25,108.22,0.016421851,1465.1,64.5,126.34,304214.43,3005.7,47.8,129,15887.5,600.71,0.410012968,5734,190.3,0.86
2011,Hunan,18915,21.45008122,18844.05,1517.07,5.53,47.6,38.3,17.70691575,6581,6.55,2908,4.21,44.97,1526.1,1292.55,387975,0.005895381,2362.32,0.358960644,4138.04,106.79,0.016227017,1408,68.55,130.52,278811.44,1711.9,47.8,123,16778.5,577.65,0.410262784,5282,127.3,0.65
2010,Hunan,15574.3,21.93332707,16565.7,1081.69,3.11,45.8,39.7,17.95049523,6570.1,6.4,2992,4.16,43.3,1418.85,1182.33,370261,0.005635546,1961.35,0.298526659,4137.48,104.72,0.015938875,1321.1,80.13,79.8,268110,2938.7,47.8,123,14673,545.09,0.412603134,5154,106.6,0.66
2009,Hunan,12772.8,12.95965474,15084.31,847.62,-0.36,43.5,41.4,17.25340063,6406,6.11,3276,4.14,43.2,1207.72,1074.69,351160,0.005481736,1839.4,0.287137059,3348.13,101.68,0.015872619,1238.54,81.15,84.8,260278.41,2190.63,47.8,95,10973,514.89,0.415723352,5117,146.4,1.12
2008,Hunan,11307.4,21.77481019,13821.16,722.71,6.02,44.2,37.8,21.31181568,6380,5.4,3380,4.2,42.15,1110.11,960.82,281421,0.004410987,1766,0.276802508,3789.37,95.23,0.014926332,1195.25,84,88.5,250331,2512.76,44.8,95,9249,491.17,0.410934951,4884,91.4,0.82
2007,Hunan,9285.5,24.94617579,12293.54,606.55,5.57,42.6,39.8,22.11520182,6355,5.25,3753,4.25,40.45,1285.24,869.59,268683,0.004227899,1724.5,0.271361133,3788.97,89.86,0.014140047,1111.9,90.43,90.4,252072.98,2247.07,44.8,95,8762,474.87,0.427079773,4725,64.6,0.7
2006,Hunan,7431.6,16.66745161,10504.67,477.93,1.44,41.6,40.8,12.66509602,6342,5.19,3163.81,4.3,40.45,1182.18,871.7,248018,0.003910722,1704,0.268684957,3953,83.02,0.013090508,1037,93.4,92.3,235728,2794.9,44.8,95,5986,429.43,0.414108004,4722,54,0.71
2015,Jilin,10018,0.516731049,24900.86,1229.35,1.99,49.82,38.83,0.370029643,2613,0.34,3193,3.5,57.64,2273.1,3668.91,214193,0.008197206,1768.03,0.676628396,6999.23,63.66,0.024362801,1399.07,36.29,72.42,126908.02,1203.48,41.5,51,10524,541.8,0.387257249,4022,110.8,0.79
2014,Jilin,9966.5,5.712831065,23217.82,1203.38,2.9,52.79,36.17,6.209966345,2642,0.4,3171,3.4,56.81,1980.76,3330.81,206092,0.007800606,1662.2,0.629144587,7001.37,61.8,0.02339137,1362.79,37.23,74.3,122170.66,1112.23,41.5,48,9450.7,509.09,0.373564526,3878,98.1,0.71
2013,Jilin,9427.9,8.641392026,15998.1,1156.96,2.49,52.8,35.5,10.51785371,2668,0.32,3135,3.7,55.74,1935.04,1932.24,200184,0.007503148,1597.04,0.598590705,7006.47,59.76,0.022398801,1344.02,38.15,76.12,117702.53,2208.17,40.4,44,9803.6,434.3,0.323135072,3594,105.4,0.81
2012,Jilin,8678,12.19714012,20208.04,1041.25,5.25,53.41,34.76,12.706226,2698,0.36,2878,3.65,54.54,1642.7,1594.14,196395,0.007279281,1709.56,0.633639733,7013.7,57.9,0.021460341,1293.8,40.35,78.75,119509.2,1674.5,40.4,39,10316.3,451.08,0.348647395,3627,103.4,0.87
2011,Jilin,7734.6,20.6551751,17796.57,850.1,5.25,53.1,34.8,23.39885859,2725,1.02,2371,3.7,53.4,1468.34,1468.29,192940,0.007080367,1575.47,0.578154128,7021.22,56.3,0.02066055,1271,41.32,82.47,116162.36,1149.5,40.4,38,10636.7,447,0.351691581,3096,101.2,0.96
2010,Jilin,6410.5,17.95282255,15411.47,602.41,3.7,52,35.9,20.2801975,2746.6,2.03,1449,3.8,53.35,1244.56,1344.41,187106,0.006812277,1380.19,0.502508556,7017.4,54.44,0.019820869,1237.4,35.63,35.2,114431,2503.3,40.4,38,8240,438.2,0.354129627,3144,124.2,1.43
2009,Jilin,5434.8,12.41235237,14006.27,487.09,0.07,48.7,37.9,14.10315134,2739.55,1.95,1396,3.95,53.32,1028.06,1394.94,180775,0.006598711,1338.41,0.488551039,5337.81,53.1,0.019382745,1193.33,36.3,36.1,109714.74,1088.93,40.4,35,7124,407.25,0.341271903,3037,66.1,0.91
2008,Jilin,4834.7,18.48883661,12829.45,422.8,5.11,47.7,38,18.17050068,2734.21,1.61,1368,3.98,53.21,1071.8,1285.28,162303,0.005936011,1345.4,0.492061692,5534.64,50.41,0.01843677,1135.36,37.8,37.4,107781,1215.23,38.9,34,6155,379.91,0.334616333,2983,59.6,0.93
2007,Jilin,4080.3,26.46211065,11285.52,320.69,4.8,46.8,38.3,24.06822913,2729.82,2.5,1504,3.92,53.16,997.75,1062.46,160724,0.005887714,1278.69,0.4684155,5535.02,47.02,0.017224579,1051.45,39.9,40,97857.83,1269.17,38.9,34,5730,351.62,0.33441438,2970,50.9,0.96
2006,Jilin,3226.5,16.20745543,9775.07,245.2,1.36,44.8,39.5,28.87061878,2723,2.67,1546.84,4.2,53.16,890.22,984.95,161438,0.005928682,1228.7,0.451230261,5578.4,43.51,0.0159787,1013.19,40.9,41.7,89855,1300.35,38.9,33,5352,349.11,0.344565185,2921,42.3,0.99
2015,Jiangsu,71255.9,9.911075805,37173.48,8028.59,2.21,45.7,48.61,12.4523187,8315,2.02,2034,3,67.49,3051.04,5228.7,618945,0.007443716,6846.93,0.823443175,4574.85,187.13,0.022505111,4189.17,83.51,105.46,621302.8,730.53,15.2,30,57883,3070,0.732842067,22037,952.5,1.36
2014,Jiangsu,64830.5,9.235308192,34346.26,7233.14,2.35,47.4,47.01,12.79058032,8281,2.43,2038,3.01,65.7,2838.8,5101.48,589559,0.007119418,6279.68,0.758323874,4574.24,184.93,0.022331844,4019.83,90.47,110,601157.86,502.34,15.2,30,59652.7,2973.76,0.739772577,19179,880.6,1.35
2013,Jiangsu,59349.4,10.51638769,24775.5,6568.46,2.57,49.2,44.7,14.76932449,8192,2.43,2016,3.03,64.39,3290,1564.3,551113,0.006727454,5769.82,0.70432373,4581.58,183.04,0.02234375,3809.6,94.17,114.89,594359.1,357.56,15.8,31,49797.3,2874.65,0.754580533,17964,881,1.49
2012,Jiangsu,53701.9,9.956551295,29676.97,5860.69,5.33,50.17,43.5,12.61208163,8120,2.45,2002,3.14,63.01,3077.76,1437.08,519709,0.006400357,6489.71,0.799225369,4584.66,167.12,0.020581281,3655.1,99.2,119.7,598210.95,472,15.8,30,48623.3,2774.81,0.759161172,17641,657.1,1.22
2011,Jiangsu,48839.2,18.01497684,26340.73,5148.91,5.33,51.3,42.4,20.89948017,8023,2.61,2013,3.22,62.01,2695.52,1187.74,481818,0.006005459,5381.85,0.670802692,4587.8,165.9,0.020678051,3493.8,105.38,124.62,592773.76,624.6,15.8,30,48182.5,2684.17,0.768266644,16065,575.8,1.17
2010,Jiangsu,41383.9,20.05181062,22944.26,4079.86,3.81,52.5,41.4,25.32849227,7869.34,2.85,2027,3.16,60.58,2133.25,1234.05,459025,0.005833081,4369.97,0.555315948,4595.52,164.94,0.020959826,3271.1,105.05,78.8,555500,489.2,15.8,30,31213,2589.69,0.791687811,11631,466.4,1.13
2009,Jiangsu,34471.7,11.39487163,20551.72,3228.78,-0.43,53.9,39.6,14.73769969,7810.27,2.56,2152,3.22,55.6,1968.03,1148.85,437008,0.0055953,4070.96,0.52123166,4688.06,165.34,0.021169563,3046.37,107.42,82.2,522329.29,519.82,15.8,30,27432,2442.77,0.801862545,11508,369.9,1.07
2008,Jiangsu,30945.5,19.07427929,18679.52,2731.41,5.36,55,38.1,21.7975735,7762.48,2.3,1905,3.25,54.3,1799.75,1042.1,360845,0.004648579,3775.8,0.486416712,4763.79,157.26,0.020258989,2904.32,113,85.1,509701,494.05,10.5,30,25245,2368.93,0.815657366,11365,395.9,1.31
2007,Jiangsu,25988.4,22.35132387,16378.01,2237.73,4.31,55.6,37.4,25.62520883,7723.13,2.3,2050,3.17,53.2,1699.26,1020.09,355668,0.004605231,3462.7,0.448354488,4763.77,147.23,0.019063514,2713.92,121.81,89.1,505598.33,653.32,10.5,31,23585,2416.8,0.890519986,10431,318.2,1.24
2006,Jiangsu,21240.8,17.21454863,14084.26,1656.68,1.62,56.6,36.3,19.76728079,7655.66,2.28,2363.77,3.4,53.2,1467.36,997.53,334508,0.004369421,3373.2,0.440615179,5061.7,130.62,0.017061886,2583,130.4,93,508825,538.3,10.5,38,24881,2273.45,0.88015873,9747,282.7,1.31
2015,Jiangxi,16780.9,7.104379683,26500.12,2165.74,2.35,50.3,39.1,15.45076952,4485,6.96,4822,3.35,52.3,1837.78,3618.08,291574,0.006501093,2158.88,0.48135563,3082.73,97.44,0.021725753,1295.65,52.81,71.56,223232.28,4394.48,61.2,200,17055,585.1,0.451588006,8615,235.5,1.41
2014,Jiangxi,15667.8,9.563502608,24309.19,1881.83,2.53,52.49,36.8,13.82191969,4480,6.98,4671,3.27,50.55,1653.84,3377.1,280766,0.006267098,2127.46,0.474879464,3085.35,91.78,0.020486607,1201.26,53.44,72.01,208289.04,3600.64,61.2,202,15613.4,553.27,0.46057473,6359,231.2,1.47
2013,Jiangxi,14300.2,11.65314615,15099.7,1621.24,2.75,53.5,35.1,13.90999285,4476,6.91,4542,3.17,49.04,1671.24,1414.89,269819,0.006028128,1989.68,0.444521895,3087.31,86.17,0.019251564,1151.42,55.77,73.45,207137.56,3155.33,60,199,15573.8,531.85,0.461907905,5673,239.6,1.67
2012,Jiangxi,12807.7,10.55893651,19860.36,1371.99,5.25,53.62,34.64,13.98879266,4475,7.32,4663,3,47.39,1487.3,1173.91,259552,0.005800045,1822.4,0.407240223,3083.5,85.1,0.01901676,1077.6,56.77,74.83,201189.71,4836,60,200,14814.1,507.52,0.470972532,5426,316.1,2.44
2011,Jiangxi,11584.5,23.46001364,17494.87,1053.43,5.25,54.6,33.5,24.53608247,4474,7.5,4527,2.98,45.75,1429.3,1114.49,244570,0.005466473,1664.72,0.372087617,3085.31,82.9,0.01852928,1019.9,58.41,76.79,194431.55,2319.1,60,195,16102,493.08,0.483459163,5092,241.2,2.06
2010,Jiangxi,9383.2,22.97771953,15481.12,778.09,3.04,54.2,33,17.40280054,4462.25,7.66,4786,3.31,44.06,1179.89,1109.82,230945,0.005175528,1520.12,0.340662222,3085.03,81.65,0.018297944,933.8,55.71,43.1,160661,5116.7,60,178,9812,489.24,0.523923752,4141,156.5,1.66
2009,Jiangxi,7630,10.03432263,14021.54,581.3,-0.66,51.2,34.4,11.84139281,4432.16,7.89,4757,3.44,43.18,1066.94,935.44,223480,0.005042237,1473.57,0.332472203,2819.77,79.35,0.017903235,856.9,56.42,43.5,147080.54,2642.46,60,178,8286,438.79,0.512066752,3953,70.4,0.92
2008,Jiangxi,6934.2,20.01869288,12866.44,488.65,6.05,52.7,30.9,22.5761985,4400.1,7.91,4680,3.42,41.36,945.99,851.15,168472,0.003828822,1398.4,0.317810959,2827.09,76.42,0.017367787,819.09,58.3,44.5,138909,3093.52,58.3,174,7456,358.04,0.437119242,3786,39.2,0.6
2007,Jiangxi,5777.6,23.01141203,11451.69,389.85,4.84,51.7,31.9,23.647497,4368.41,7.87,4407,3.37,39.8,973.38,728.76,153238,0.003507867,1333.2,0.305191134,2826.75,78.17,0.017894383,800.67,62.1,46.9,141266.69,2556.47,58.3,138,6103,337.59,0.421634381,3164,45.5,0.83
2006,Jiangxi,4696.8,19.17182584,9551.12,305.52,1.17,49.7,33.5,14.05428757,4339.13,7.79,4546.94,3.6,39.8,894.58,742.93,142682,0.003288263,1292.6,0.297893817,2993.4,77.05,0.017757016,757.95,63.4,47.4,130183,3768.72,58.3,134,5096,317.56,0.418972228,2748,37.5,0.8
2015,Liangning,20210.3,0.921815467,31125.73,2127.39,1.69,45.49,46.19,9.204331712,4338,-0.42,1590,3.42,68.05,2690.5,4931.06,348525,0.008034232,3736.29,0.861293223,4977.41,103.57,0.023875058,2461.95,96.88,116.75,260044.58,408.05,39.2,104,34017,1982.13,0.805105709,16449,291.1,1.02
2014,Liangning,20025.7,4.252738328,29081.75,3192.78,2.43,50.25,41.77,11.87493774,4358,0.26,1615,3.38,67.05,2275.93,4428.24,339187,0.007783089,3562.95,0.817565397,4981.67,102.62,0.023547499,2422.02,99.46,121.7,262878.96,332.37,39.2,104,34527.5,1961.22,0.809745584,14248,271.5,0.95
2013,Liangning,19208.8,7.620765774,20817.8,3343.81,2.84,52.7,38.7,13.23670408,4365,-0.03,1663,3.35,66.45,2258.46,1936.1,338443,0.007753562,3355.42,0.768710195,4989.66,99.34,0.022758305,2386.49,102.7,125.26,234508.18,1055.17,38.2,105,29443.5,1945.03,0.815017033,11601,347.6,1.28
2012,Liangning,17848.6,9.133042697,23222.67,3105.38,5.17,53.25,38.07,14.70992576,4375,-0.39,1624,3.55,65.65,1843.89,1433.28,329679,0.00753552,3470.59,0.793277714,4998.85,93.4,0.021348571,2329.1,105.87,130.59,238768.79,1247.8,38.2,105,31917,1920.45,0.824545962,11585,683.4,2.75
2011,Liangning,16354.9,17.69247929,20466.84,2643.15,5.17,54.7,36.7,17.87055571,4379,-0.34,1712,3.68,64.05,1614.52,1385.62,319116,0.007287417,3092.59,0.706232016,5013.18,90.2,0.02059831,2276.5,112.62,134.34,232247.02,673.2,38.2,101,31700.8,1065.07,0.467854162,11627,376.5,1.69
2010,Liangning,13896.3,8.431845315,17712.58,2004.84,3.04,54.1,37.1,5.350364524,4375,0.42,1814,3.63,62.1,1495.9,1314.79,316828,0.007241783,2953.25,0.675028571,5031.21,88.02,0.020118857,2220.5,102.22,54.2,218189,1392.1,38.2,98,26955,1060.2,0.477460032,9641,206.5,1.12
2009,Liangning,12815.7,5.585901777,15761.38,1591.22,0.05,52,38.7,7.102755491,4341,0.97,1922,3.87,60.35,1283.68,1293,310007,0.007141373,2784.86,0.641524994,5041.93,85.25,0.019638332,2030.71,105.14,56.3,217154.68,396.02,38.2,98,25211,949.09,0.467368556,10067,204.9,1.35
2008,Liangning,12137.7,17.93105459,14392.69,1356.08,4.64,55.8,34.5,11.89496233,4315,1.1,1916,3.9,60.05,1145.46,1270.95,274890,0.006370568,2584.4,0.598933951,4085.28,82.04,0.019012746,1955.53,113.1,58.4,212021,617.67,35.1,95,40219,892.94,0.456623013,10247,163.7,1.22
2007,Liangning,10292.2,22.66784263,12300.39,1082.69,5.12,53.1,36.6,21.4433954,4298,1.53,1945,4.28,59.2,1052.94,1047.04,272720,0.006345277,2583.5,0.601093532,4085.17,77.78,0.018096789,1917.59,123.38,62.8,220996.73,610.85,35.1,96,23946,873.71,0.455629201,10280,125.1,1.14
2006,Liangning,8390.3,15.55613706,10369.61,817.67,1.22,51.1,38.3,15.48016878,4271,1.1,2270.96,5.1,59.2,853.92,909.42,273374,0.006400702,2557.8,0.598876141,4174.8,72.05,0.016869586,1859.59,125.9,64.1,206236,615.54,35.1,89,27195,848.74,0.456412435,9272,145.8,1.58
2015,Neimenggu,12949,6.504252274,30594.1,1964.48,1.56,50.48,40.45,11.90203115,2440,2.4,1629,3.65,62.09,2317,3986.78,212499,0.008708975,1513.38,0.620237705,9237.99,42.44,0.017393443,1225.21,123.09,83.56,110861.37,2141.21,22.1,182,35855,673.22,0.549473152,10070,536.4,3.01
2014,Neimenggu,12158.2,6.72202521,28349.64,1843.67,3.23,51.32,39.52,9.442442402,2449,3.56,1291,3.59,60.97,2177.78,3619.29,202999,0.008289057,1448.66,0.591531237,9230.67,41.14,0.016798693,1184.81,131.24,84.77,111916.93,2149.89,22.1,182,36116.5,627.2,0.529367578,9110,562.3,3.16
2013,Neimenggu,11392.4,8.808893898,18692.9,1720.98,3.1,54,36.5,10.66699527,2455,3.36,1059,3.85,59.82,2111,1951.05,195952,0.007981752,1324.8,0.539633401,9198.98,40.44,0.016472505,1206.21,135.87,86.32,106920.47,3848.6,21,184,31128.4,525.11,0.435338788,7590,506.8,3.01
2012,Neimenggu,10470.1,10.69982343,23150.26,1552.75,5.58,55.42,35.46,8.744274437,2464,3.65,1032,3.73,58.42,1971.78,1583.56,183875,0.007462459,1209.76,0.490974026,9186.93,39.14,0.01588474,1132.8,138.49,88.39,102424.49,2052.7,21,184,28132.7,497.23,0.438938912,7400,445.1,2.8
2011,Neimenggu,9458.1,15.34408956,20407.57,1356.67,5.58,56,34.9,11.48413733,2470,3.51,764,3.8,57.04,1812.07,1418.6,175226,0.00709417,1097.86,0.444477733,9189.42,38.44,0.015562753,1077,140.94,91.9,100388.99,1691.6,21,184,30062.8,439.91,0.408458682,6804,395.9,2.76
2010,Neimenggu,8199.9,15.42327074,17698.15,1069.98,3.2,54.6,36.1,13.16161554,2472.18,3.76,981,3.9,55.5,1641.17,1384.45,168884,0.00683138,940.04,0.380247393,9187.63,37.14,0.015023178,1038.3,139.41,27.5,92548,1576.1,21,185,27488,410.59,0.395444477,5183,238.9,2.05
2009,Neimenggu,7104.2,13.80558759,15849.19,850.86,-0.27,52.5,38,16.84384428,2458.22,3.96,951,3.97,53.4,1504.36,1246.21,177697,0.007228686,870.4,0.354077341,7149,35.19,0.014315236,975.48,139.88,27.9,73154.74,1563.88,21,185,24844,389.99,0.399792922,4956,155.2,1.59
2008,Neimenggu,6242.4,20.81518899,14432.55,650.68,5.74,55,33.3,22.03181838,2444.33,4.27,649,4.1,51.71,1383.53,1028.19,131175,0.005366501,831.1,0.340011373,7147.24,31.67,0.012956516,885.42,143.1,28,70421,1710.31,20,196,20190,298.49,0.337116849,4406,135,1.74
2007,Neimenggu,5166.9,24.15060791,12377.84,492.36,4.61,51.8,35.7,26.44499861,2428.83,4.48,622,3.99,50.15,1245.09,941.79,126155,0.005194065,1007,0.414602916,7146.28,28.41,0.01169699,886.68,145.58,28.8,60405.23,1232.25,20,192,18200,279.14,0.314814815,3965,90.5,1.49
2006,Neimenggu,4161.8,18.10880608,10357.99,343.38,1.48,48.6,37.8,15.94808199,2415.05,3.96,597.84,4.1,50.15,1052.65,802.26,120575,0.00499265,660,0.273286267,8201,25.29,0.010471833,830.09,155.7,29.8,55102,1719.8,20,192,18415,255.51,0.307809997,4007,104.8,2.19
2015,Ningxia,2579.4,4.264521606,25186.01,373.45,1.87,47.38,44.45,7.206576876,684,8.04,1336,4.02,56.98,2310.03,3332.21,52568,0.00768538,706.23,1.0325,1290.1,11.56,0.016900585,455.05,35.76,21.1,32024.56,138.41,12.6,14,8760,259.23,0.569673662,2551,86.9,2.98
2014,Ningxia,2473.9,6.28087812,23284.56,339.86,3.41,48.74,43.38,8.122931442,678,8.57,1295,4.02,54.82,1957.52,3027.6,50714,0.007479941,689.6,1.017109145,1285.88,11.17,0.016474926,441.31,37.71,21.98,37277.25,152.98,12.6,14,10717,249.44,0.565226258,1821,78.6,2.86
2013,Ningxia,2327.7,9.230408259,14565.8,308.34,2.03,49.3,42,11.37440758,666,8.62,1253,4.06,52.84,1868.42,1497.98,47609,0.007148498,594.7,0.892942943,1281.12,10.83,0.016261261,420.69,38.97,22.19,38528.43,175.25,11.9,14,8909.2,237.65,0.564905275,1700,72.4,2.82
2012,Ningxia,2131,10.31162646,19831.41,263.96,6.34,49.52,41.96,13.44086022,659,8.93,1251,4.18,51.15,1515.91,1193.37,44021,0.00667997,532.54,0.808103187,1282.75,9.64,0.014628225,399.6,40.66,22.8,38948.08,168,11.9,14,9324.5,219.69,0.549774775,1766,55.7,2.38
2011,Ningxia,1931.8,22.91149711,17578.92,219.98,6.34,50.2,41,21.85179793,648,8.97,1147,4.4,50.2,1441.18,1247.14,41758,0.006444136,516.51,0.797083333,1284.99,9.14,0.014104938,371.3,41.04,23.37,39432.37,137.7,11.9,14,10055.9,205.39,0.553164557,1719,57.4,2.73
2010,Ningxia,1571.7,24.07831373,15344.49,153.55,4.07,49,41.6,24.16847433,632.96,9.04,1093,4.35,47.9,1286.2,1181.71,39674,0.006268011,462.33,0.730425303,1286.66,8.02,0.012670627,343.8,31.08,12.2,40653,148.2,11.9,13,16324,196.72,0.572193136,1370,34.5,2.04
2009,Ningxia,1266.7,11.19206461,14024.7,111.58,0.75,48.9,41.7,18.15463477,625.2,9.68,902,4.4,46.1,1075.88,1128.12,37734,0.006035509,435,0.695777351,1136,7.56,0.012092131,321.11,31.42,12.5,41336.46,135.51,11.9,13,4701,164.11,0.511070973,1503,28.7,2.12
2008,Ningxia,1139.2,29.80856882,12931.53,95.01,8.48,52.9,36.2,29.08740006,617.69,9.69,883,4.35,44.98,1043.72,1069.15,31571,0.00511114,523.4,0.847350613,1107.06,7.05,0.011413492,310.89,34.8,13.2,37948,149.84,9.8,13,4403,163.62,0.526295474,1259,30.9,2.81
2007,Ningxia,877.6,28.43553344,10859.33,80.03,5.41,50.8,38.2,27.44202389,610.25,9.76,840,4.28,44.02,863.36,910.68,30657,0.005023679,392.7,0.64350676,1106.34,6.24,0.010225317,292.29,36.98,13.7,37213.38,171.1,9.8,13,3981,128.97,0.441239865,1229,33.4,3.76
2006,Ningxia,683.3,17.83066046,9177.26,61.36,1.94,49.2,39.6,13.70355573,603.73,10.69,6144.58,4.3,44.02,846.72,890.97,27852,0.004613321,378.6,0.627101519,1268.8,5.59,0.009259106,269.37,38.3,14,25276,176.75,9.8,13,3140,105.48,0.391580354,1312,21.3,3
2015,Qinghai,2011,8.838014829,24542.35,267.13,2.76,49.95,41.41,13.52235551,577,8.55,2692,3.17,51.67,2431.2,3898.84,48440,0.008395147,414.76,0.71882149,588.42,8.12,0.01407279,194.26,15.08,10.43,23662.83,10057.6,5.8,11,5405,60.11,0.30943066,1583,34.9,1.44
2014,Qinghai,1847.7,7.844510594,22306.57,251.68,3.95,53.59,37.04,10.80231996,576,8.49,2604,3.15,50.84,2056.43,3446.45,46363,0.008049132,393.7,0.683506944,585.71,6.75,0.01171875,165.84,15.43,10.5,23001.19,13675.45,5.8,11,6439.4,54.42,0.328147612,1620,30,1.3
2013,Qinghai,1713.3,12.09028459,12947.8,223.86,3.06,57.3,32.8,12.73668438,571,8.03,2924,3.31,49.29,1471.98,1684.78,44685,0.007825744,378.77,0.663345009,588.21,7.56,0.01323993,157.36,15.67,10.34,21953.03,11216.59,5.6,11,5620.6,51.07,0.32454245,1425,36.7,1.75
2012,Qinghai,1528.5,11.53677758,17566.28,186.42,6.14,57.69,32.97,10.457418,571,8.24,2674,3.37,47.85,1097.21,1232.39,40831,0.007150788,379.49,0.664605954,588.53,6.19,0.01084063,122.1,15.39,10.38,21994.46,15687.2,5.6,11,5507.6,41.21,0.337510238,1229,24.1,1.27
2011,Qinghai,1370.4,19.76927111,15603.31,151.81,6.14,58.4,32.3,17.13077194,568,8.31,2487,3.76,46.53,967.9,1055.15,38785,0.006828345,367.73,0.647411972,588.32,5.87,0.010334507,122.1,15.66,10.32,21291.52,12956.8,5.6,11,5226.3,38.56,0.315806716,1099,26.2,1.57
2010,Qinghai,1144.2,21.76226455,13854.99,110.22,5.35,55.1,34.9,21.05824621,563.47,8.63,2320,3.8,44.72,908.07,923.52,35224,0.006251264,357.76,0.634922889,587.93,4.5,0.007986228,113.9,14.34,8.3,22609,13225,5.6,11,3952,34.09,0.299297629,981,17,1.26
2009,Qinghai,939.7,4.771992418,12691.85,87.74,2.65,53.2,36.9,5.801354402,557.3,8.32,2189,3.8,41.9,889.32,790.5,34429,0.006177822,402.32,0.721909205,542.72,4.38,0.007859322,112.39,13.57,7.6,22170.93,16113.59,5.6,11,3308,33.24,0.29575585,752,12.3,1.13
2008,Qinghai,896.9,24.55214554,11640.43,71.57,10.09,55.1,34,21.97136564,554.3,8.35,2051,3.8,40.86,880.86,802.73,25568,0.004612665,347.9,0.627638463,542.72,4.22,0.007613206,110.65,13.5,7.5,19997,11900.54,4.6,11,3237,31.79,0.287302305,771,18.1,1.88
2007,Qinghai,720.1,23.05194805,10276.06,56.71,6.64,53.3,36,24.68245795,551.6,8.8,1962,3.75,40.07,953.87,641.93,23936,0.004339376,339,0.61457578,542.2,3.77,0.006834663,110.65,13.39,7.6,19948.49,12029.45,4.6,11,2492,31.02,0.280343425,690,10.6,1.35
2006,Qinghai,585.2,17.18061674,9000.35,42.24,1.59,51.6,37.5,18.27040195,547.7,8.97,2112.91,3.9,40.07,793.72,653.04,23509,0.004292313,289,0.527661128,688,3.6,0.006572941,109.45,13,7.5,15726,10430.8,4.6,11,2099,29.87,0.272910005,573,6.1,0.94
2015,Shandong,55288.8,8.890236889,31545.27,5529.33,1.91,46.8,45.3,13.52823655,9866,5.88,1452,3.35,56.97,2023.74,4223.37,855706,0.008673282,4727.38,0.479158727,7610.97,216.95,0.021989661,4609.32,152.57,175.76,559907.67,171.52,17.5,88,56808,2400.24,0.520736247,21612,693.2,1.1
2014,Shandong,50774.8,7.245856418,29221.94,5026.83,2.23,48.44,43.48,11.09631405,9808,7.39,1426,3.3,54.77,1769.81,4015.65,838474,0.008548878,4480.34,0.456804649,7620.65,201.08,0.020501631,4400.09,159.02,178.04,514423.34,152.07,17.5,88,52095.3,2321.74,0.527657389,18517,823.8,1.39
2013,Shandong,47344.3,10.2124668,19008.3,4559.95,2.1,50.1,41.2,14.97017194,9746,5.01,1361,3.24,53.46,1909.84,1780.07,819348,0.008407018,4422.05,0.453729735,7633.53,196.17,0.020128258,4187.48,164.5,184.57,494570.19,300.45,16.7,86,47159.8,2173.66,0.519085464,16436,848,1.55
2012,Shandong,42957.3,9.963931816,25755.19,4059.43,5.02,51.46,39.98,14.7303566,9708,4.95,1349,3.33,52.03,1655.91,1572.35,738868,0.007610919,4237.26,0.436470952,7635.67,165.8,0.017078698,3927,174.88,192.12,479100.25,283.9,16.7,86,45420.2,1998.99,0.509037433,15915,739.1,1.48
2011,Shandong,39064.9,15.15926008,22791.84,3455.93,5.02,52.9,38.3,20.28627104,9665,5.1,1389,3.35,50.86,1538.44,1510.84,689628,0.007135313,3890,0.402483187,7646.92,164.6,0.017030523,3751.2,182.74,198.25,443330.98,361.6,16.7,86,50451.7,1881.36,0.501535509,15308,614.1,1.35
2010,Shandong,33922.5,14.83270595,19945.83,2749.38,2.93,54.2,36.6,21.17801022,9587.87,5.39,1389,3.36,49.7,1401.77,1408.64,645889,0.006736522,3635.84,0.379212484,7658.14,163.14,0.017015249,3566.2,153.78,62.1,436372,324.4,16.7,86,43837,1793.33,0.5028686,11886,483.9,1.24
2009,Shandong,29540.8,8.981708982,17811.04,2198.63,0,55.8,34.7,13.16091646,9470.3,5.62,1415,3.4,48.32,1332.97,1280.04,602143,0.006358225,3515.32,0.371194154,7510.76,159.3,0.016821009,3373.63,159.03,64.7,386731.08,301.75,16.7,85,35127,1684.08,0.499189301,11727,459.5,1.36
2008,Shandong,27106.2,19.31543571,16305.41,1957.05,5.29,57,33.4,20.43139992,9417.23,5.09,1413,3.7,47.6,1277.43,1247.04,438009,0.004651145,3140.7,0.333505712,7515.31,153.4,0.016289291,3261.03,169.2,67.9,358911,349.98,16.7,75,33505,1569.57,0.481311119,11453,432.2,1.39
2007,Shandong,22718.1,19.77192927,14264.7,1675.4,4.44,56.9,33.4,22.79760677,9366.97,5,1449,3.21,46.75,1191.18,1027.58,401946,0.004291099,4856.9,0.518513457,7507.06,144.04,0.015377438,3081.91,182.21,72,334254.73,414.56,16.7,75,31341,1460.76,0.473978799,10756,320.8,1.24
2006,Shandong,18967.8,18.93901865,12192.24,1356.25,1.01,57.7,32.6,21.68514155,9308.9,5.5,1859.88,3.3,46.75,1201.97,838.17,395897,0.004252887,4285.4,0.460355144,7689.3,133.81,0.014374416,2895.05,196.2,75.8,299812,214.82,16.7,75,25751,1325.82,0.457961002,10594,258.1,1.17
2015,Shanxi,11836.4,-2.135646192,25827.72,1642.35,1.66,40.69,53.18,18.28075741,3519,4.42,3920,3.51,55.87,2585.76,3072.31,294851,0.008378829,1548.46,0.440028417,4058.79,82.34,0.023398693,1123.46,112.06,40.51,145252.2,257.11,20.5,46,33721,481.5,0.428586688,16943,257.6,2.02
2014,Shanxi,12094.7,0.896789909,24069.43,1820.64,3.06,49.32,44.5,8.138449178,3528,4.99,3974,3.4,54.3,2026.52,2898.83,289266,0.00819915,1471.75,0.417162698,4056.83,76.87,0.021788549,1097.36,120.82,44.13,145033.49,305.06,20.5,46,36024.7,466.92,0.425493913,16748,293.2,2.3
2013,Shanxi,11987.2,2.602905051,15119.7,1701.62,2.5,53.9,40,9.953681597,3535,5.24,3526,3.13,52.88,2065.44,1612.36,283860,0.008029986,1465.68,0.414619519,4061.99,70.8,0.020028289,1040.69,125.54,46.13,138030.43,349.55,18,46,41276,432.71,0.415791446,14353,337.2,2.68
2012,Shanxi,11683.1,7.239499192,20411.71,1516.38,5.21,55.57,38.66,17.72774545,3548,4.87,3028,3.33,51.32,1506.2,1438.88,279466,0.007876719,1461.92,0.412040586,4064.19,63.7,0.017953777,1013.8,130.18,47.68,134298.48,295,18,46,38124.3,415.12,0.409469323,12706,328.2,2.71
2011,Shanxi,10894.4,22.35537236,18123.87,1213.43,5.21,59,35.2,16.87966096,3562,4.86,2977,3.48,49.79,1419.43,1327.78,271627,0.007625688,1320.16,0.370623245,4064.51,59.5,0.016704099,956.9,139.91,48.96,116132.01,347,18,46,42195.2,384.77,0.402100533,11557,248.5,2.21
2010,Shanxi,8903.9,24.57188427,15647.66,969.67,3.02,56.9,37.1,16.4906238,3574.11,5.3,2890,3.58,48.05,1229.68,1245,275955,0.007720943,1207.85,0.337944271,4064.18,56.29,0.015749375,864.7,124.92,33.3,118299,261.5,18,46,35190,346.07,0.400219729,9517,206.9,2.25
2009,Shanxi,7147.6,-1.043887581,13996.55,805.83,-0.42,54.3,39.2,6.197927251,3427.36,4.89,2931,3.86,45.99,1070.6,1319.45,264352,0.007712992,1176.42,0.343243779,4068.43,54.74,0.015971477,822.93,126.84,34.4,105875.05,250.83,18,46,23693,321.81,0.391053917,9200,157.8,2.14
2008,Shanxi,7223,21.68946695,13119.05,748,7.19,61.5,34.2,21.21883929,3410.64,5.31,2918,3.29,45.11,1041.91,1250.87,191152,0.005604579,1101.5,0.322959914,4055.82,52.68,0.015445781,784.1,130.8,35.9,106911,256.91,14.1,46,23180,303.57,0.38715725,9216,140.9,2.03
2007,Shanxi,5935.6,25.92498303,11564.95,597.89,4.63,60,35.3,22.43199228,3392.58,5.33,2914,3.24,44.03,1054.05,991.77,175088,0.00516091,2012.7,0.593265303,4053.45,48.45,0.014281167,774.42,138.67,37.4,104594.39,305.56,14.1,46,21429,318.95,0.411856615,7893,97,1.69
2006,Shanxi,4713.6,15.54640388,10027.7,583.38,2.03,57.8,36.4,14.96428819,3374.55,5.75,2487.78,3.2,44.03,1007.92,830.38,178994,0.005304233,1034,0.306411225,4588.6,44.64,0.01322843,733.86,147.8,38.7,89142,263.06,14.1,45,18128,256.31,0.349262802,8648,63.2,1.33
2015,Shannxi,17898.8,2.851889096,26420.21,2059.95,1.64,50.4,40.74,12.42747327,3846,3.82,4031,3.36,54.74,2277.07,3763.95,349892,0.009097556,1506.35,0.391666667,3995.17,115.54,0.030041602,1073.36,73.5,48.91,168121.98,881.06,43.1,60,17303,673.34,0.627319818,4578,240.4,1.33
2014,Shannxi,17402.5,9.412526563,24365.76,1890.4,3.05,54.14,37.01,12.72763492,3827,3.87,5474,3.34,53.01,2147.53,3620.36,336288,0.008787248,1514.1,0.395636269,3994.77,106.12,0.027729292,967.56,78.1,50.49,145785.38,932.84,43.1,60,16542.5,441.04,0.455827029,4284,285.4,1.61
2013,Shannxi,15905.4,12.46605951,14371.5,1748.33,2.79,55.5,34.9,15.50438134,3804,3.86,5541,3.32,51.57,2208.06,1465.81,321908,0.008462355,1377.12,0.362018927,3992.01,105.37,0.02769979,915.02,80.62,51.93,132169.33,941.26,41.4,57,16279.5,410.67,0.448809862,3835,221.7,1.38
2012,Shannxi,14142.4,16.15838884,20733.88,1600.69,5.7,55.86,34.66,15.80805614,3787,3.88,5483,3.22,49.71,2078.52,1322.22,293775,0.00775746,1399.65,0.369593346,3985.49,102.63,0.027100607,863.5,84.38,53.62,128749.05,1041.9,41.4,57,14767.4,386.68,0.447805443,4701,180.6,1.25
2011,Shannxi,12175.1,23.66533945,18245.23,1500.18,5.7,55.4,34.8,17.6744186,3765,3.69,5821,3.59,47.35,1857.6,1193.81,275464,0.007316441,1223.2,0.324887118,3989.87,92.84,0.024658699,809,91.68,55.77,121814.67,1616.6,41.4,55,15704.3,355.66,0.439629172,4848,153.3,1.23
2010,Shannxi,9845.2,23.09885218,15695.21,958.21,3.97,53.8,36.4,18.53067798,3735,3.72,5506,3.85,45.76,1595.8,1126.92,260056,0.006962677,1127.15,0.301780455,3991.72,92.78,0.024840696,758.5,77.86,30.8,115673,1360.3,41.4,54,13510,332.32,0.438127884,3983,179.2,1.77
2009,Shannxi,7997.8,11.42411324,14128.76,735.27,0.52,51.9,38.5,15.550068,3727,4,5530,3.94,43.5,1430.22,1018.23,245352,0.006583096,1058.76,0.284078347,2860.04,89.37,0.023979072,685.62,80.44,31.8,111218.74,1105.63,41.4,54,11032,304.86,0.444648639,4035,119.1,1.46
2008,Shannxi,7177.8,26.32968425,12857.89,591.48,6.36,56.1,32.9,23.90031926,3718,4.08,5488,3.91,42.1,1281.58,1007.68,183510,0.004935718,1002.2,0.269553523,4050.35,83.97,0.022584723,659.74,88.9,33.2,104883,809.59,37.3,50,9706,296.37,0.449222421,4036,75.5,1.1
2007,Shannxi,5681.8,23.63565149,10763.34,475.24,5.15,54.2,34.9,21.35170039,3708,4.05,5938,4.02,40.62,1230.74,831.27,177666,0.004791424,948.8,0.25587918,4049.04,77.65,0.020941208,653.34,92.72,34.5,99348.16,1007.71,37.3,50,6469,282.37,0.432194569,3800,63.8,1.17
2006,Shannxi,4595.6,20.3919103,9267.7,362.48,1.48,53.9,35.3,16.82172492,3699,4.04,6307.38,4,40.62,1280.14,746.59,168190,0.004546905,927,0.250608273,5140.5,72.62,0.019632333,628.56,98.1,35.5,82204,739.12,37.3,50,5535,258.48,0.411225659,3874,41,0.91
2015,Shanghai,26887,6.39973407,52961.86,5519.5,2.65,31.81,67.76,11.19876397,2458,2.45,3809,4.04,88.53,4003.28,12679.12,208444,0.008480228,7568.18,3.078999186,189.81,51.16,0.02081367,998.75,17.08,19.88,224147.22,264.82,14,4,12802,1388.1,1.389837297,6171,220.3,0.88
2014,Shanghai,25269.8,8.902306058,48841.4,4585.55,2.3,34.66,64.82,11.62248073,2467,3.14,3826,4.06,89.3,3604.95,11621.72,201735,0.008177341,7362.61,2.984438589,188.21,50.66,0.020535063,998.75,18.81,22.44,221159.73,194.79,14,4,13007.4,1364.27,1.365977472,5518,250,1.06
2013,Shanghai,23204.1,8.910802794,44878.32,4109.51,2.83,37.2,62.2,13.72009137,2448,2.94,3809,3.98,89.6,4122.07,2847.88,192333,0.00785674,7239,2.957107843,188.01,50.48,0.020620915,998.75,21.58,23.56,222962.91,116.9,10.7,4,13344.1,1349.04,1.350728411,4896,187.6,0.87
2012,Shanghai,21305.6,6.476358966,40188.34,3743.71,5.18,38.92,60.45,10.99719137,2399,4.2,3754,3.05,89.3,3723.74,1790.48,183416,0.007645519,7202.4,3.002250938,188.19,50.66,0.021117132,998.75,22.82,24.26,219244.06,143.4,10.7,4,13361.3,1344.05,1.345732165,4795,134.1,0.66
2011,Shanghai,20009.7,11.68994273,36230.48,3429.83,5.18,41.3,58,13.00199689,2356,1.87,3702,3.54,89.3,3746.38,2225.68,176632,0.007497114,6893.19,2.925802207,187.65,51.13,0.021702037,998.75,24.01,24.9,214155.09,89.1,10.7,4,13704.3,1319.42,1.321071339,4730,144.8,0.75
2010,Shanghai,17915.4,13.80348613,31838.08,2873.58,3.11,42.1,57.3,9.748763936,2302.66,1.98,3630,4.35,89.3,3363.25,2166.22,171935,0.007466799,6808.73,2.956897675,188.23,51.57,0.022395838,998.75,35.81,22,248250,163.1,10.7,4,12969,1301.6,1.303229036,4319,134,0.78
2009,Shanghai,15742.4,8.292689638,28837.78,2540.3,-0.41,39.9,59.4,15.01686536,2210.28,2.7,3030,4.26,88.6,3138.98,1913.22,169506,0.007668983,6593.43,2.983074543,202.3,51.28,0.02320068,998.75,37.89,24.3,230517.53,218.28,10.7,4,10059,1265.19,1.266773467,3986,160.1,1.06
2008,Shanghai,14536.9,12.87552315,26674.9,2358.75,5.78,45.5,53.7,15.6340646,2140.64,2.72,2978,4.2,88.6,2874.54,1646.19,162160,0.007575305,6394.1,2.987003887,243.96,50.29,0.023492974,998.75,44.6,26.7,223751,197.54,9.4,4,10436,359.86,0.360310388,3839,153.5,1.12
2007,Shanghai,12878.7,21.50977932,23622.73,2074.48,3.15,46.6,52.6,27.3134703,2063.59,3.04,2930,4.22,88.7,2653.67,1412.1,155809,0.007550385,6253.9,3.030592317,259.63,48.49,0.023497885,885.67,49.78,29.4,226614.08,187.86,9.4,4,9591,335.01,0.37825601,3551,123,1.01
2006,Shanghai,10598.9,15.24176099,20667.91,1576.07,1.21,48.5,50.6,16.35309332,1964.11,1.58,2774.21,4.4,88.7,2431.74,1435.72,138002,0.007026185,6062.4,3.086588837,315.1,46.63,0.023741033,860.21,50.8,30.2,222565,153.85,9.4,4,9428,323.04,0.375536206,3332,94.3,0.91
2015,Sichuan,30342,5.021234766,26205.25,3355.44,1.57,44.08,43.68,9.807145939,8196,3.36,1902,4.12,48.27,1962.52,3223.58,646542,0.007888507,3327.76,0.40602245,6731.44,138.08,0.016847243,2281.64,71.76,118.64,341607.41,2717.17,38,168,16538,967.95,0.424234323,9851,216,0.72
2014,Sichuan,28891.3,8.949769968,24234.41,3061.07,2.81,48.93,38.7,13.30234188,8139,3.2,3068,4.15,46.51,1672.4,3186.13,626938,0.007702887,3162.14,0.388517017,6734.18,132.8,0.016316501,2216.56,79.64,121.63,331276.53,3148.47,38,168,20053.7,922.72,0.416284693,9604,288.2,1.01
2013,Sichuan,26518,10.85008193,14231,2784.1,2.53,51.7,35.2,13.53992125,8109,3,2900,4.11,44.96,1877.55,1321.54,596001,0.007349871,3048.14,0.375895918,6734.78,127.68,0.015745468,2058.11,81.67,123.2,307647.83,3052.88,35.2,167,19760.6,985.37,0.478774215,9246,234,0.89
2012,Sichuan,23922.4,13.64074695,20306.99,2421.27,5.34,51.66,34.53,16.70638849,8085,2.97,2866,4.02,43.35,1587.43,1284.09,549023,0.006790637,3362.8,0.415930736,6732.06,122.4,0.015139147,1901.7,86.44,126.87,283657.06,3587.2,35.2,167,21909.6,922.55,0.485118578,8384,178.3,0.75
2011,Sichuan,21050.9,22.21273977,17899.12,2044.79,5.34,52.5,33.4,24.78685924,8064,2.98,2782,4.16,41.85,1369.47,1226.14,505712,0.00627123,3135.62,0.388841766,6735.57,113.9,0.014124504,1788.1,90.2,130.23,279851.96,2782.9,35.2,167,23171.8,859.91,0.480907108,9411,140.1,0.67
2010,Sichuan,17224.8,21.38175976,15461.16,1561.67,3.18,50.5,35.1,21.93974335,8044.92,2.31,2743,4.14,40.18,1224.73,1126.65,467126,0.005806472,2599.12,0.323075929,6720.1,108.62,0.013501688,1629.7,113.1,74.1,256095,3173.5,35.2,166,20107,801.57,0.491851261,7346,89,0.52
2009,Sichuan,14190.6,11.24472805,13839.4,1174.59,0.8,47.4,36.7,10.84769523,8185,2.72,2737,4.34,38.7,1150.73,973.02,437760,0.00534832,2480.36,0.303037263,3976.09,103.59,0.012656078,1509.51,113.53,74.8,262708.65,2857.51,35.2,166,13410,738.26,0.489072613,6927,103.5,0.73
2008,Sichuan,12756.2,20.77333106,12633.38,1041.66,5.07,46.3,34.8,21.64100507,8138,2.39,2677,4.57,37.4,947.01,819.28,324525,0.003987773,2304.9,0.283226837,5947.4,99.11,0.012178668,1391.68,114.8,74.9,262343,3061.67,34.3,164,12997,639.85,0.45976805,6811,100.7,0.81
2007,Sichuan,10562.1,24.33752811,11098.28,850.86,5.93,44.2,36.5,23.74480233,8127,2.92,2587,4.24,35.6,1031.81,690.27,311364,0.003831229,2117.2,0.260514335,5950.12,91.84,0.011300603,1328.35,117.87,77.1,252961.78,2822.58,34.3,163,22970,620.56,0.467166033,6148,102.2,0.97
2006,Sichuan,8494.7,18.04916689,9350.11,607.58,2.31,43.7,37.8,13.81246689,8169,2.86,2653.32,4.5,35.6,976.33,728.43,285785,0.003498409,2094.4,0.25638389,9169.1,86.06,0.010534949,1272.88,128.1,80.6,234483,2278.05,34.3,164,10553,600.75,0.471961222,5798,71.1,0.82
2015,Tianjin,10879.5,2.245174144,34101.35,2667.11,1.85,46.5,52.15,6.158907659,1439,0.23,3492,3.5,82.88,2112.23,5485.84,118111,0.008207853,1696.93,1.17924253,436.9,51.29,0.035642808,885.43,18.59,20.91,93008.03,83.56,12.1,8,8355,322.08,0.363755463,5140,126.4,0.76
2014,Tianjin,10640.6,6.990166308,31506.03,2390.35,3.08,49.38,49.3,8.966119325,1429,2.14,3328,3.5,82.55,2013.02,5251.44,111672,0.007814696,1598.09,1.118327502,437.18,50.58,0.035395381,797.1,20.92,21.43,89361.44,76.08,12.1,8,8800,278.43,0.349303726,4621,278.9,1.77
2013,Tianjin,9945.4,9.978989273,28979.82,2079.07,2.73,50.6,48.1,13.07470963,1410,2.28,2843,3.6,82.29,2353.43,2088.62,106527,0.007555106,1473.79,1.045241135,438.31,48.99,0.034744681,747.26,21.68,22.15,84210,101.49,9.9,8,8080,261.01,0.349289404,4262,191.3,1.33
2012,Tianjin,9043,11.46995378,29626.41,1760.02,4.85,51.7,46.99,12.95074967,1378,2.63,2782,3.6,81.55,2254.22,1854.22,104201,0.007561756,1469.22,1.066197388,439.28,47.31,0.034332366,722.14,22.45,22.94,82813.16,237.99,9.9,8,9032.2,268.75,0.372157753,3911,157.5,1.22
2011,Tianjin,8112.5,18.76354161,26920.86,1455.13,4.85,52.4,46.2,22.55982322,1341,2.5,2636,3.6,80.43,2116.01,1763.44,100169,0.007469724,1353.95,1.009656972,441.1,44.97,0.033534676,710.6,23.09,23.58,67146.94,115.96,9.9,8,8919.3,246.89,0.347438784,3837,174.9,1.55
2010,Tianjin,6830.8,19.63710242,24292.6,1068.81,3.55,52.5,46,23.65800165,1299.29,2.6,2752,3.6,79.55,1899.5,1615.57,96732,0.007444989,1258.33,0.96847509,443.7,42.92,0.033033426,686.71,23.52,13.2,68196,72.8,9.9,8,7686,232.65,0.3387893,3126,109.7,1.19
2009,Tianjin,5709.6,10.17289287,21402.01,821.99,-0.97,53,45.3,15.59369935,1228.16,2.6,2716,3.6,78.01,1740.85,1505.7,93366,0.007602104,1158.72,0.943460135,402.6,40.6,0.033057582,662.25,23.67,13.3,59647.38,126.79,9.9,8,5983,208.35,0.314609287,3157,103.7,1.38
2008,Tianjin,5182.4,24.62485571,19422.53,675.62,5.4,60.1,37.9,24.84304467,1176,2.19,2858,3.6,77.23,1608.97,1528.28,85886,0.007303231,1106.7,0.941071429,441.09,38.64,0.032857143,640.85,24,13.3,61229,159.76,8.2,8,6005,208.9,0.325973317,3052,68.1,1.07
2007,Tianjin,4158.4,17.5286869,16357.35,540.44,4.22,57.3,40.5,20.43366869,1115,2.05,2912,3.59,76.31,1639.83,1417.45,81570,0.007315695,1029.7,0.923497758,443.68,37.11,0.033282511,571.53,24.47,13.7,56928.16,103.29,8.2,8,5506,209.1,0.36586006,2974,59.8,1.18
2006,Tianjin,3538.2,12.01798265,14283.09,417.05,1.51,57.1,40.2,13.03948577,1075,1.6,2590.13,3.6,76.31,1452.17,1368.2,78631,0.007314512,945.1,0.879162791,485.6,35.74,0.033246512,539.98,25.5,14.3,58834,95.47,8.2,9,6512,209.84,0.388606985,2899,40.8,0.93
2015,Xizang,1043,10.99287006,25456.63,137.13,2.9,36.65,53.8,12.24829115,330,10.65,1750,2.48,28.87,1728.19,3516.46,29094,0.008816364,162.09,0.491181818,443.02,3.48,0.010545455,144.52,0.54,2.88,5883.3,120120.96,12.1,47,183,63.34,0.438278439,288,8.4,0.81
2014,Xizang,939.7,13.46293166,22015.81,124.27,3.55,36.58,53.47,13.67072659,325,10.55,1857,2.47,26.23,727.33,3397.65,26531,0.008163385,125.24,0.385353846,442.53,3.35,0.010307692,126.34,0.42,2.79,5449.68,140200,12.1,47,170.4,56.3,0.445622922,273,14.4,1.56
2013,Xizang,828.2,16.61503802,9746.8,95.02,3.51,36.3,53,16.48727984,317,10.38,1820,2.47,23.93,1551.34,963.99,24653,0.007776972,100.33,0.316498423,441.77,3.48,0.010977918,120.29,0.42,2.58,5004.68,142530.58,12,47,114.7,42.63,0.354393549,255,28.3,3.5
2012,Xizang,710.2,16.14063778,18028.32,86.58,4.99,34.64,53.89,18.1161514,315,10.27,1655,2.58,22.87,550.48,845.18,21558,0.00684381,68.57,0.21768254,442.23,3.35,0.010634921,119.7,0.42,2.58,4683.14,137378.1,12,47,114,43.98,0.367418546,250,4,0.57
2011,Xizang,611.5,19.22402028,16195.56,54.76,4.99,34.5,53.2,18.08256568,309,10.26,515,3.2,22.81,514.44,781.12,22234,0.007195469,56.5,0.182847896,442.38,3.24,0.010485437,89.7,0.42,2.68,4634.58,145779.8,12,47,113.7,31.57,0.351950948,217,28.2,4.66
2010,Xizang,512.9,15.07740633,14980.47,36.65,2.2,32.3,54.2,14.89611917,300.22,10.25,575,3.99,22.67,477.95,726.59,16694,0.005560589,53.49,0.178169342,442.43,3.11,0.01035907,84.9,0.39,2.9,3825,153681.9,12,47,16,27.78,0.327208481,46,0.3,0.06
2009,Xizang,445.7,11.92867906,13544.41,30.09,1.41,31,54.6,11.00957354,295.84,10.24,1574,3.8,22.3,465.84,689.76,16040,0.00542185,50.01,0.169044078,229.57,3.03,0.010242023,81.3,0.17,1.5,3455.23,139658.93,12,45,15,26.67,0.32804428,51,2.7,0.61
2008,Xizang,398.2,15.72217379,12481.51,24.88,5.72,29.2,55.5,16.88708037,292.33,10.3,1557,4.1,21.9,419.59,634.94,11680,0.003995485,49.8,0.17035542,361.63,2.94,0.010057127,79,0.2,1.5,3420,159726.8,11.9,45,13,22,0.278481013,39,0.2,0.05
2007,Xizang,344.1,20.3567681,11130.93,20.14,3.37,28.8,55.2,21.20838471,288.83,11.3,1258,4.3,21.5,441.02,628.35,10152,0.00351487,48,0.166187723,361.14,2.68,0.009278815,78.8,0.19,1.5,3335.56,152969.2,11.9,40,13,21.18,0.268781726,25,0.6,0.15
2006,Xizang,285.9,17.60592349,8941.08,14.56,2.03,27.5,55,17.79230211,285.08,11.7,1146.34,4.3,21.5,359.34,612.67,10746,0.003769468,63.4,0.222393714,362.6,2.33,0.008173144,78,0.2,1.5,2685,149001.43,11.9,38,13,18.65,0.239102564,22,1.7,0.59
2015,Xinjiang,9306.9,0.457660964,26274.66,1330.85,2.11,38.57,44.71,10.49273923,2385,11.08,2557,2.86,48.78,2058.22,3371.53,208536,0.008743648,1303.39,0.546494759,5188.89,29.37,0.012314465,1185.36,77.83,66.03,99952.06,3994.25,4.9,31,20087,654.8,0.55240602,5980,288.7,3.1
2014,Xinjiang,9264.5,10.38891404,23214.03,1282.34,3.95,42.58,40.83,12.3333891,2325,11.47,4280,3.17,46.79,1741.04,3262.77,199649,0.008587054,1292.23,0.555797849,5169.5,28.62,0.012309677,1118.4,85.3,67.02,102748.31,3186.91,4.9,31,22116.1,608.79,0.544340129,5821,392.4,4.24
2013,Xinjiang,8392.6,13.23295286,13669.6,1128.49,3.83,45,37.4,24.43873833,2285,10.92,4361,3.36,44.94,1597.99,1275.35,189578,0.00829663,1241.6,0.543369803,5160.2,27.62,0.012087527,1064.87,82.94,67.24,100720.29,4251.88,4.2,31,18464.5,574.02,0.539051715,5328,318.7,3.81
2012,Xinjiang,7411.8,13.46907532,17920.68,908.97,5.95,46.39,36.02,20.51099774,2253,10.84,4312,3.39,44.22,1280.81,1166.59,177085,0.007859964,1322.8,0.587128273,5148.07,26.87,0.01192632,959.6,79.61,67.92,93810.49,4055.5,4.2,27,15869.9,533.28,0.555731555,4963,255.1,3.4
2011,Xinjiang,6532,21.86112458,15513.62,720.43,5.95,48.8,34,27.19536195,2225,10.57,4563,3.22,43.73,1122.18,888.16,167828,0.007542831,1210.03,0.543833708,5135.38,25.87,0.011626966,921.8,76.31,67.29,83328.54,4031.3,4.2,27,11868,496.97,0.539129963,4554,132.7,2.01
2010,Xinjiang,5360.2,26.50932263,13643.77,500.58,4.33,47.7,32.5,11.50584188,2185,10.56,4977,3.23,43.01,1012.37,898.38,158917,0.007273089,1113.39,0.509560641,5121.46,25.12,0.011496568,838.2,58.85,29.6,83690,5125.2,4.2,27,9310,436.71,0.521009306,3547,78.4,1.44
2009,Xinjiang,4237,2.281231141,12257.52,388.78,0.74,45.1,37.1,12.12262269,2158.63,10.56,4922,3.84,39.85,855.53,856.78,146943,0.006807234,933.76,0.432570658,4041.11,24.16,0.011192284,800.36,58.99,28.7,77183.63,3516.6,4.2,27,6975,426.17,0.532472887,4299,78.2,1.83
2008,Xinjiang,4142.5,18.35714286,11432.1,361.06,8.06,49.6,33.9,14.07115224,2130.81,11.17,4987,3.7,39.64,812.36,781.9,130174,0.006109132,894.3,0.419699551,4124.56,23.1,0.010840948,750.96,58.5,28.7,74700,3859.91,4,27,6154,409.99,0.545954512,4177,47.7,1.13
2007,Xinjiang,3500,18.35119873,10313.44,285.86,5.49,46.8,35.4,26.14103914,2095.19,11.78,4836,3.88,39.15,896.79,736.99,127621,0.006091142,836,0.399009159,4114.23,21.64,0.010328419,678.67,57.99,29,68617.3,4167.79,4,27,5797,391.52,0.576893041,3964,35.2,1
2006,Xinjiang,2957.3,17.32989486,8871.27,219.46,1.31,48,34.7,15.12447676,2050,10.76,5403.15,3.9,39.15,819.72,698.66,121400,0.005921951,811,0.395609756,3985.7,19.93,0.009721951,673.87,54.9,28.8,57440,4695.08,4,27,5053,364.51,0.540920356,2397,23.3,0.77
2015,Yunnan,14960,6.539806434,26373.23,1808.15,2.37,39.77,45.14,10.98427385,4663,6.4,2943,3.96,42.93,2427.47,3880.79,304551,0.006531225,1944.22,0.416946172,6208.54,62.56,0.013416256,1060.14,58.37,51.03,173333.44,3959.3,55,159,15549,436.08,0.411341898,8388,140.8,1.03
2014,Yunnan,14041.7,9.482671241,24299.01,1698.06,3.12,41.22,43.25,11.95997646,4653,6.2,2853,3.98,41.21,1816.48,3469.64,282760,0.00607694,1864.24,0.400653342,6207.45,57.7,0.012400602,977.04,63.67,53.38,157544.15,3673.28,55,157,16664.1,412.84,0.422541554,7809,152,1.19
2013,Yunnan,12825.5,15.57211599,12577.9,1611.3,2.73,42,41.8,18.96330973,4641,6.17,2415,3.98,39.99,2045.29,1384.91,265531,0.005721418,1765.46,0.380405085,6219.81,56.08,0.012083603,935.77,66.31,54.72,156583.28,3652.24,50,154,15958.1,388.66,0.415337102,7346,197.1,1.68
2012,Yunnan,11097.4,16.53138159,21074.5,1338.15,4.85,42.87,41.09,15.83972561,4631,6.22,4029,4.03,38.47,1434.3,973.76,233361,0.005039106,1879.34,0.405817318,6224.92,51.22,0.011060246,859.9,67.22,54.86,154009.74,3637.9,50,159,14955.2,392.1,0.455983254,6618,132.4,1.28
2011,Yunnan,9523.1,23.11222577,18575.62,1111.16,4.85,42.5,41.6,27.76774346,4620,6.35,3811,4.05,36.57,1350.65,827.84,215335,0.004660931,1699.13,0.367777056,6233.53,48.76,0.010554113,804.1,69.12,55.47,147523.1,3206.5,50,163,17545,355.38,0.441959955,6305,119.2,1.34
2010,Yunnan,7735.3,17.65788513,16064.54,871.19,3.73,44.6,40,15.68869249,4601.6,6.54,3795,4.21,34.7,1014.4,835.45,207663,0.004512843,1566,0.340316412,6240.07,43.9,0.00954016,751.3,50.07,26.8,91992,4233.1,50,167,10978,319.03,0.424637295,5649,106.2,1.47
2009,Yunnan,6574.4,9.271016853,14423.93,698.25,0.4,41.9,40.8,14.99645474,4571,6.08,3561,4.26,34,798.69,943.67,196796,0.004305316,1507.91,0.329886239,4185.5,39.36,0.008610807,666.57,49.93,27.3,87590.64,3459.73,50,152,9484,255.86,0.383845658,5432,79.6,1.29
2008,Yunnan,6016.6,18.49765628,13250.22,614.05,5.7,43,39.1,16.96461482,4543,6.32,3386,4.21,33,732.95,739.2,151859,0.003342703,1452.7,0.319766674,6072.06,34.77,0.007653533,623.76,50.2,28.1,83865,5110.96,47.5,152,8316,226.97,0.363873926,5267,44.1,0.77
2007,Yunnan,5077.4,24.12056616,11496.11,486.71,5.86,43.3,39.1,26.77570093,4514,6.86,3322,4.18,31.6,705.51,673.07,149403,0.00330977,1420,0.314576872,6072.36,31.11,0.006891892,578.43,53.37,29,83758.94,5013.94,47.5,198,8082,207.25,0.35829746,4701,29.9,0.63
2006,Yunnan,4090.7,16.95399834,10069.89,379.97,1.87,42.8,38.5,16.93190356,4483,6.9,3080.7,4.3,31.6,754.69,585.35,145621,0.003248294,1396,0.311398617,6421.6,28.42,0.006339505,542.26,55.1,29.4,76760,3832.25,47.5,198,6646,168.67,0.31105005,4391,29,0.72
2015,Zhejiang,43507.7,8.705385586,43714.48,4809.94,2.06,45.96,49.76,12.89578013,5985,5.02,1914,2.93,66.32,2495.02,7354.9,491008,0.008203977,6249.79,1.044242272,1978.58,102.72,0.017162907,2590.74,53.78,68.32,433822.46,2547.48,59.4,35,26841,1551.92,0.599025761,20108,439.7,1.03
2014,Zhejiang,40023.5,7.202166355,40392.72,4122.02,2.3,47.73,47.85,7.23710974,5890,5,1828,2.96,64.96,2642.86,6901.9,455809,0.007738693,5634.08,0.956550085,1976.6,107.57,0.018263158,2489.22,57.4,72.54,418261.9,2057.33,59.4,33,26958.3,1496.41,0.601156185,18598,474.2,1.18
2013,Zhejiang,37334.6,8.586369771,29775,3796.92,2.18,49.1,46.1,10.9464691,5784,4.56,1818,3.01,63.94,2848.75,2004.69,427072,0.007383679,5164.78,0.8929426,1978.51,105.72,0.018278008,2399.24,59.34,75.51,419120.3,1697.2,59.1,33,24564.8,1444.81,0.602194862,17512,390.4,1.04
2012,Zhejiang,34382.4,7.934753946,34550.3,3441.23,5.38,49.95,45.24,11.97628233,5685,4.6,1786,3.01,62.91,2996.59,1551.69,400094,0.007037713,5344.34,0.940077397,1979.39,93.2,0.016394019,2296.3,62.58,78.62,420960.52,2644.8,59.1,32,23967.3,1388.77,0.60478596,17771,375.4,1.08
2011,Zhejiang,31854.8,16.25881846,30970.68,3150.8,5.38,51.2,43.9,17.6984107,5570,4.07,1741,3.12,62.29,2816.12,1518.06,374157,0.006717361,4464.4,0.801508079,1981.6,90.75,0.016292639,2221.1,66.2,81.83,420133.89,1365.7,59.1,32,24790.3,1191.31,0.536360362,16729,238.7,0.74
2010,Zhejiang,27399.9,19.99763507,27359.02,2608.47,3.84,51.6,43.5,21.58973993,5446.51,4.73,1773,3.2,61.62,2586.09,1418,352871,0.006478846,3761.21,0.690572495,1983.66,88.49,0.016247101,2129,67.83,48.7,394828,2608.7,59.1,31,20434,911.11,0.42795209,21702,333.7,1.2
2009,Zhejiang,22833.7,7.278032004,24610.81,2142.51,-1.53,51.8,43.1,12.85379256,5275.5,4.63,1742,3.26,57.9,2295.32,1485.9,327014,0.00619873,3551.67,0.673238556,1986.69,86.65,0.016424983,2033.32,70.13,51.4,365017.13,1808.45,59.1,31,18860,858.54,0.422235556,14526,198,0.86
2008,Zhejiang,21284.6,14.18776824,22726.66,1933.39,5.03,53.9,41,15.24530002,5212.4,4.58,1757,3.49,57.6,2195.58,1333.69,288340,0.005531809,3179,0.609891796,1920.86,83.22,0.015965774,1939.09,74.1,53.9,350377,1680.16,57.4,31,17633,810.07,0.417757814,13600,519.7,2.42
2007,Zhejiang,18640,21.80856973,20573.82,1649.5,4.17,54,40.7,23.8599255,5154.9,4.81,1748,3.27,57.2,2158.32,1168.08,273823,0.005311897,2799.3,0.543036722,1917.54,77.8,0.015092436,1851.14,79.7,56.4,338100.92,1777.19,57.4,53,17467,750.9,0.405641929,12118,177.4,0.94
2006,Zhejiang,15302.7,17.45738124,18265.1,1298.2,1.06,54,40.1,17.34383424,5071.8,4.87,2087.05,3.5,57.2,1946.15,1229.25,255057,0.005028925,2607,0.514018692,2125.3,71.99,0.014194172,1744.16,85.9,59.3,303515,1829.49,57.4,52,14702,697.32,0.39980277,12932,140.3,0.89
2015,Chongqing,16040.5,9.68763249,27238.84,2154.83,1.75,44.98,47.7,13.21425968,3070,3.86,1904,3.58,61.47,1965.6,3719.9,227095,0.007397231,1303.8,0.424690554,2430.5,76.71,0.024986971,1329.5,49.58,37.98,149798.54,1518.65,43.1,57,9928,613.27,0.461278676,5250,139,0.88
2014,Chongqing,14623.8,12.25244865,25147.23,1922.02,2.65,45.78,46.78,12.47683553,3043,3.62,1872,3.46,59.74,1713.58,3520.77,210501,0.006917548,1242.3,0.408248439,2454.65,74.05,0.024334538,1231.44,52.69,38.64,145822.16,2155.94,43.1,57,9289.6,578.05,0.469409797,4787,168.4,1.18
2013,Chongqing,13027.6,12.35144971,23058.22,1693.24,2.58,50.5,41.4,12.76166876,3011,3.6,1847,3.4,58.29,1722.66,1376.15,197667,0.006564829,1128.85,0.374908668,2455.82,70.76,0.023500498,1114.92,54.77,39.18,142535.47,1603.87,38.4,57,9532.4,529.96,0.475334553,4439,173.3,1.37
2012,Chongqing,11595.4,14.11447467,22968.14,1703.49,5.3,52.37,39.39,12.7569957,2975,4,1832,3.3,56.64,1470.64,1177.02,184055,0.006186723,152.2,0.051159664,2451.28,62.36,0.020961345,1051.71,56.48,40.28,132430.2,1626.5,38.4,57,8359.9,516.89,0.491475787,4319,186.9,1.64
2011,Chongqing,10161.2,25.9866341,20249.7,1488.33,5.3,55.4,36.2,26.48152544,2944,3.17,1830,3.5,54.98,1474.88,1205.66,170799,0.005801596,1148.74,0.390197011,2449.71,56.78,0.019286685,1034.92,58.69,41.68,131449.83,1773.3,38.4,57,9121.1,476.37,0.460296448,4134,259.2,2.59
2010,Chongqing,8065.3,21.26082511,17532.43,952.07,3.25,55,36.4,24.17960307,2884.62,2.77,1860,3.9,53.02,1408.02,1275.96,160055,0.005548564,1030.77,0.357333028,2442.86,52.27,0.018120238,870.23,71.94,23.5,128113,1616.8,38.4,48,10943,412.44,0.47394367,3511,176.3,2.22
2009,Chongqing,6651.2,12.74175778,15748.67,655.17,-1.64,52.8,37.9,13.39547666,2859,3.7,1637,3.96,51.59,1351.9,1120.6,146033,0.005107835,987.99,0.345571878,2438.39,48.42,0.016935992,783.29,74.61,24,147068.75,1600.27,38.4,48,12587,357.22,0.45605076,3309,109.7,1.68
2008,Chongqing,5899.5,23.66109795,14367.55,577.57,5.57,47.7,41,30.46027132,2839,3.8,1574,3.96,49.99,1267.03,1096.82,109014,0.003839873,932.3,0.328390278,2235.93,45,0.015850652,708.37,78.2,24.2,145113,2040.32,34.9,51,7351,313.89,0.443115886,2978,67.3,1.32
2007,Chongqing,4770.7,22.31623208,12590.78,442.7,4.73,45.9,42.4,25.30354541,2816,3.8,1527,3.98,48.3,1237.35,968.45,103563,0.003677663,858.5,0.304865057,2239.08,41.37,0.014691051,667.45,82.62,25.1,134240.39,2357.61,34.9,50,7617,269.78,0.404195071,2797,63.7,1.55
2006,Chongqing,3900.3,13.10462823,11569.74,317.72,2.37,43,44.8,14.85949376,2808,3.4,1473.63,4,48.3,1449.49,954.56,96742,0.003445228,792.1,0.282086895,1383.98,37.61,0.013393875,631.35,86,26.4,145263,1356.83,34.9,50,6757,201.24,0.318745545,2581,60.1,1.72
